hgvs	SE	epsilon	score
p.(577_1AAdel)	0.472245852	2.43E-10	-5.021240724
p.(577_2AAdel)	0.816758746	1.48E-95	-6.774259142
p.(577_3AAdel)	1.29748426	0	-5.093869631
p.(577A)	0.176783395	0.000105619	-4.068191962
p.(577C)	0.365713767	2.21E-16	-5.493238022
p.(577D)	1.039023013	0	-5.674621659
p.(577E)	0.392849352	1.64E-32	-5.371230535
p.(577F)	1.422463684	0	-5.161502158
p.(577G)	0.22187435	0.000150137	-5.059236738
p.(577H)	0.533769244	1.11E-16	-5.225905788
p.(577handle)	1.207696199	0	-4.960039478
p.(577K)	0.128886875	0	-1.854832351
p.(577L)	0.294969698	1.11E-16	-2.114046998
p.(577M)	0.130373083	0	-0.752587274
p.(577N)	0.309919433	3.50E-05	-5.228578236
p.(577P)	0.224892824	0.00030254	-4.388991123
p.(577Q)	0.221910573	4.21E-10	-4.402112573
p.(577R)	0.130159982	2.08E-17	-2.366809942
p.(577S)	0.206968345	7.51E-10	-4.702272321
p.(577T)	0.139742004	0	-1.728622252
p.(577V)	0.107147374	6.94E-18	1.062860295
p.(577W)	0.496029137	0	-3.30413414
p.(577Y)	0.176556254	2.78E-17	-3.211652439
p.(578_1AAdel)	1.459316813	1.78E-15	-4.26443825
p.(578_2AAdel)	0.312270518	0	-2.116836037
p.(578_3AAdel)	0.442073588	4.35E-05	-4.288235545
p.(578A)	0.244223767	2.78E-17	-3.426705092
p.(578C)	0.626231768	0.000100368	-6.213829016
p.(578D)	0.195001114	5.50E-07	-4.610551593
p.(578E)	0.11576006	6.94E-18	-1.298055132
p.(578F)	0.425310525	0.001012022	-5.868803354
p.(578H)	0.232979945	4.76E-10	-5.20443865
p.(578handle)	0.816843588	1.46E-95	-6.434085862
p.(578I)	0.598757514	0	-5.185174075
p.(578K)	0.343480032	3.03E-22	-5.538818984
p.(578L)	0.600633245	4.44E-16	-4.271068417
p.(578M)	0.426795079	2.57E-25	-5.956909414
p.(578N)	0.731470408	1.33E-15	-5.035698987
p.(578P)	0.375231089	5.55E-17	-4.697416071
p.(578Q)	0.227124848	1.39E-144	-4.683818963
p.(578R)	0.053297587	0	-1.161479079
p.(578S)	0.328749635	1.39E-16	-3.956698775
p.(578T)	0.582177531	4.44E-16	-5.037079394
p.(578V)	0.247523453	5.55E-17	-2.044877192
p.(578W)	0.052481988	7.26E-24	-2.279907447
p.(578Y)	0.282275667	7.79E-08	-4.747775886
p.(579_1AAdel)	0.0495628	0	3.538609251
p.(579_2AAdel)	0.359879248	0	-0.538157507
p.(579_3AAdel)	0.836377303	4.44E-16	-4.626893733
p.(579A)	0.052520193	0	3.210736622
p.(579C)	0.100468619	0	2.914322887
p.(579E)	0.172716045	1.39E-17	1.710202434
p.(579F)	0.139982368	2.08E-17	1.532631666
p.(579G)	0.072040255	3.47E-18	-0.181324703
p.(579H)	0.070438647	0	3.605493079
p.(579handle)	0.817466159	1.36E-95	-5.297261722
p.(579I)	0.156221923	1.39E-17	-0.906497839
p.(579K)	0.092803163	0	2.731929444
p.(579L)	0.146886201	0	1.558460821
p.(579M)	0.064784909	1.73E-18	2.748979988
p.(579N)	0.049998398	3.47E-18	3.339633046
p.(579P)	0.154227832	2.42E-72	-4.163084766
p.(579Q)	0.066118061	5.20E-18	2.706131383
p.(579R)	0.08845122	3.47E-18	2.867341715
p.(579S)	0.05954359	0	3.057146532
p.(579T)	0.068100946	0	2.368853965
p.(579V)	0.144819161	0	0.77769563
p.(579W)	0.259113681	0	-0.144531936
p.(579Y)	0.043869816	8.67E-19	1.602168692
p.(580_1AAdel)	0.117873318	1.39E-17	1.21856097
p.(580_2AAdel)	0.282166505	0	-2.536903239
p.(580_3AAdel)	0.81686112	1.46E-95	-6.376206208
p.(580A)	0.379340575	1.11E-16	-0.441754685
p.(580C)	0.035898747	0	1.123352285
p.(580D)	0.331534184	0	-4.146534386
p.(580E)	0.845822819	0	-4.448802483
p.(580F)	0.116368028	6.94E-18	0.110922906
p.(580G)	0.03539969	1.71E-17	-0.987202305
p.(580H)	0.243045442	5.55E-17	-0.686772221
p.(580handle)	0.816916675	1.45E-95	-6.212203232
p.(580I)	0.300717778	0	-1.225938653
p.(580K)	0.557974967	2.22E-16	-3.316482052
p.(580L)	0.19966014	9.98E-10	-4.319365328
p.(580M)	0.580109845	2.22E-16	-3.628875337
p.(580N)	0.257918205	0	-1.405479436
p.(580P)	0.202914903	0	-2.439956615
p.(580Q)	0.094819014	0	-1.043996553
p.(580R)	0.126534597	0	-1.190918093
p.(580T)	0.192857605	5.55E-17	1.241173295
p.(580V)	0.148978269	0	0.863354923
p.(580W)	0.409929266	1.11E-16	-1.247295924
p.(580Y)	0.051754119	8.67E-19	2.641039585
p.(581_1AAdel)	0.241303805	8.33E-17	-1.457445384
p.(581_2AAdel)	0.191474606	0	-2.542636235
p.(581_3AAdel)	0.816865957	1.46E-95	-6.360809445
p.(581A)	0.107107557	6.94E-18	0.469256905
p.(581C)	0.12454369	3.47E-17	0.331145779
p.(581D)	0.324307415	1.11E-16	-1.350487296
p.(581E)	0.121700808	0	-0.986473059
p.(581F)	0.040545015	0	1.809849701
p.(581G)	0.163904693	0	-0.248391737
p.(581H)	0.129560493	0	0.39617729
p.(581handle)	0.633170311	2.20E-20	-5.554808964
p.(581I)	0.080083194	0	1.182702549
p.(581K)	0.238567087	8.33E-17	1.084965131
p.(581L)	0.043732834	0	1.407397985
p.(581M)	0.098995816	0	1.321244651
p.(581N)	0.281596381	0	-0.227868729
p.(581P)	0.444337159	0	-3.453766038
p.(581Q)	0.233833485	2.78E-17	-0.088167874
p.(581R)	0.24189613	5.55E-17	0.666432576
p.(581S)	0.130943137	0	-0.338672394
p.(581T)	0.138679086	0	0.540110266
p.(581W)	0.187605787	0	1.577219671
p.(581Y)	0.13069026	0	0.681403812
p.(582_1AAdel)	0.175076453	1.32E-16	-2.551074811
p.(582_2AAdel)	0.392980055	4.65E-22	-5.027627696
p.(582_3AAdel)	0.816834144	1.46E-95	-6.46671287
p.(582A)	0.016021464	7.66E-15	1.867193989
p.(582C)	0.082581542	3.47E-18	2.126363785
p.(582D)	0.161103238	0	-1.947734864
p.(582E)	0.226149536	0	-0.786396299
p.(582F)	0.416842137	1.67E-16	-4.353614397
p.(582G)	0.036112945	1.30E-18	1.426193904
p.(582H)	0.075075888	0	1.900790684
p.(582handle)	0.816886904	1.46E-95	-6.296736293
p.(582I)	0.088044881	0	-0.574966745
p.(582K)	0.053674452	0	3.500468596
p.(582L)	0.080391817	0	2.926482096
p.(582M)	0.113838874	0	0.098045648
p.(582N)	0.068728957	1.73E-18	1.360817568
p.(582P)	0.045715749	0	0.021562448
p.(582Q)	0.067152791	1.73E-18	0.102127293
p.(582R)	0.067081913	8.67E-18	2.765830806
p.(582T)	0.06382344	3.47E-18	0.728409366
p.(582V)	0.329119765	0	-0.962088182
p.(582W)	0.200039573	0	-1.016552876
p.(582Y)	0.050616137	0	2.049972207
p.(583_1AAdel)	1.29748426	1.33E-15	-4.874891788
p.(583_2AAdel)	0.816874016	1.46E-95	-6.335670651
p.(583_3AAdel)	0.612726503	2.22E-16	-3.53676259
p.(583A)	0.288600586	0	-2.024218074
p.(583C)	0.113721819	6.94E-18	-1.370244581
p.(583D)	0.699733685	0	-3.585485836
p.(583E)	0.192903013	0	-2.871668223
p.(583F)	0.270273233	8.33E-17	-1.693827869
p.(583G)	0.034671471	2.17E-10	-1.105858965
p.(583H)	0.446017296	0	0.640314589
p.(583handle)	1.33047968	0	-4.606837803
p.(583I)	0.160878264	1.39E-17	-1.036588214
p.(583K)	0.091908941	0	0.86859904
p.(583L)	0.041651076	1.90E-28	-1.321210442
p.(583M)	0.521296961	0	-1.567021981
p.(583N)	0.195712267	0	-1.551609737
p.(583P)	0.678339665	4.44E-16	-3.977147005
p.(583Q)	0.049358577	1.73E-18	-0.771412723
p.(583S)	0.034866624	2.75E-09	-1.452608714
p.(583T)	0.167602535	0	-1.530592687
p.(583V)	0.313644733	5.55E-17	-1.150913636
p.(583W)	0.235127662	5.55E-17	-1.260805012
p.(583Y)	0.169232698	0	-0.206598092
p.(584_1AAdel)	0.325174614	1.11E-16	-2.113155354
p.(584_2AAdel)	0.173973356	2.78E-17	0.675733023
p.(584_3AAdel)	0.461027482	3.33E-16	-1.367172313
p.(584C)	0.142307699	1.39E-17	1.608803984
p.(584D)	0.164236358	0	-2.434911108
p.(584E)	0.229181954	0	-1.495756846
p.(584F)	0.258188072	0	-1.115072181
p.(584G)	0.189009763	4.16E-17	0.264192616
p.(584H)	0.217009772	0	1.346384808
p.(584handle)	0.816922042	1.45E-95	-6.197697084
p.(584I)	0.028700712	6.51E-19	2.377616451
p.(584K)	0.124906973	0	0.87752829
p.(584L)	0.058824114	0	3.046151576
p.(584M)	0.068944163	0	2.269986982
p.(584N)	0.250609118	2.78E-17	-0.135506954
p.(584P)	0.098061568	0	-1.55036407
p.(584Q)	0.177691134	0	0.592095118
p.(584R)	0.019945017	2.70E-15	1.702589854
p.(584S)	0.017382203	1.84E-17	-0.026088195
p.(584T)	0.076724006	0	0.866391788
p.(584V)	0.037941696	0	1.662929824
p.(584W)	1.058039884	0	-5.482148859
p.(584Y)	0.474033108	3.33E-16	-1.462516348
p.(585_1AAdel)	0.169763214	1.39E-17	0.537440864
p.(585_2AAdel)	0.292527722	8.33E-17	-0.712018049
p.(585_3AAdel)	0.996770738	1.33E-15	-4.980663232
p.(585A)	0.229556767	0	0.101084752
p.(585C)	0.19891833	0	0.548090534
p.(585D)	0.577268252	3.33E-16	-2.728009324
p.(585E)	0.670855951	2.22E-16	-2.096750568
p.(585F)	0.108108406	6.94E-18	1.367963113
p.(585G)	0.133600197	0	-0.332319104
p.(585H)	0.130275561	0	-0.678572251
p.(585handle)	0.082734081	6.94E-18	-0.187147946
p.(585I)	0.072601175	1.73E-18	1.209539888
p.(585K)	0.31767377	5.55E-17	-0.742972605
p.(585M)	0.090021782	6.94E-18	1.332008585
p.(585N)	0.321531179	5.55E-17	-0.455812739
p.(585P)	0.08442038	3.47E-18	-0.621059946
p.(585Q)	0.088741258	0	-0.125126822
p.(585R)	0.05895632	1.73E-18	-0.442712033
p.(585S)	0.155211035	0	-1.255712498
p.(585T)	0.167710692	2.78E-17	-0.407936742
p.(585V)	0.019765808	1.69E-23	1.171031001
p.(585W)	0.022607559	8.53E-16	1.41170997
p.(585Y)	0.114847871	0	0.850202651
p.(586_1AAdel)	0.143490405	0	-1.204170751
p.(586_2AAdel)	0.211251015	0	-2.777001814
p.(586_3AAdel)	0.59334965	2.37E-13	-3.759500634
p.(586A)	0.183248685	0	-0.833673806
p.(586C)	0.042015765	0	1.132037175
p.(586D)	0.281334522	0	-0.788624196
p.(586E)	0.221556881	5.55E-17	-1.814230111
p.(586F)	0.127025792	6.94E-18	-1.857278261
p.(586G)	0.050830411	0	1.011717805
p.(586H)	0.105741077	1.39E-17	0.571907781
p.(586handle)	0.189139758	7.95E-45	-3.323626286
p.(586I)	0.051265262	3.99E-12	-1.902772379
p.(586K)	0.226569826	0	1.031522565
p.(586L)	0.110185636	0	-2.214388087
p.(586M)	0.420676931	0	-2.606778048
p.(586N)	0.030271298	1.15E-12	0.801766042
p.(586P)	0.106862152	0	-1.042060722
p.(586Q)	0.217883145	8.33E-17	-0.493575075
p.(586R)	0.077822116	3.47E-18	1.498935373
p.(586S)	0.016496673	4.56E-07	1.959829611
p.(586V)	0.090126572	0	-0.643336672
p.(586W)	0.612389676	0	-2.90739555
p.(586Y)	0.210511629	0	0.048510215
p.(587_1AAdel)	0.75593841	6.66E-16	-2.843939319
p.(587_2AAdel)	1.216500089	0	-4.847440736
p.(587_3AAdel)	0.660882354	1.18E-08	-5.238737313
p.(587A)	0.243123117	5.55E-17	-1.501773015
p.(587C)	0.216298966	0	-1.377685
p.(587D)	0.407007782	0	-3.782166422
p.(587E)	0.084760665	3.47E-18	-2.642375669
p.(587F)	0.288617226	0	-2.044350464
p.(587G)	0.17928754	0	-0.970693942
p.(587H)	0.055030217	0	-0.002872338
p.(587handle)	1.05435327	0	-4.058197711
p.(587I)	0.470195962	0	-3.597305007
p.(587K)	0.173010978	2.78E-17	0.91804803
p.(587L)	0.053620689	8.82E-14	-2.291569928
p.(587M)	0.319343903	0	-1.342054236
p.(587N)	0.140773478	6.94E-18	-1.005018708
p.(587P)	0.079030721	0	-1.47550809
p.(587Q)	0.078675943	3.47E-18	-0.785189536
p.(587S)	0.215041105	0	-1.485276062
p.(587T)	0.175464247	0	-1.445757482
p.(587V)	0.074102333	0	-1.499830921
p.(587W)	0.304677721	0	-1.732420169
p.(587Y)	0.142978834	1.39E-17	-0.700853822
p.(588_1AAdel)	0.264187151	3.08E-32	-3.910479022
p.(588_2AAdel)	0.376086895	1.67E-16	-2.049370634
p.(588_3AAdel)	0.211384729	0	-1.923627358
p.(588C)	0.055602359	5.20E-18	2.047792166
p.(588D)	0.070165373	1.14E-16	-1.51567411
p.(588E)	0.104471101	0	-1.952646764
p.(588F)	0.150716079	1.39E-17	-0.826953211
p.(588G)	0.032181903	0	0.944954893
p.(588H)	0.060297908	1.73E-18	-0.223748056
p.(588handle)	0.296284381	5.35E-20	-4.009009879
p.(588I)	0.020471554	7.08E-09	1.162121056
p.(588K)	0.023797836	1.19E-13	0.813460599
p.(588L)	0.077955954	3.47E-18	1.488171647
p.(588M)	0.053386213	0	1.143585648
p.(588N)	0.230042015	0	0.083861596
p.(588P)	0.02922468	1.22E-08	0.619116479
p.(588Q)	0.138677419	0	0.531326708
p.(588R)	0.050949471	0	1.239036072
p.(588S)	0.058699304	0	0.030134102
p.(588T)	0.066011308	5.20E-18	0.5875486
p.(588V)	0.105709812	0	1.402006334
p.(588W)	0.046629628	8.67E-19	1.124552312
p.(588Y)	0.065951486	1.73E-18	1.143562136
p.(589_1AAdel)	0.386995541	0	-2.377286965
p.(589_2AAdel)	0.366099139	3.63E-22	-4.64884118
p.(589_3AAdel)	0.103661808	5.14E-05	-2.130257621
p.(589A)	0.191975365	4.16E-17	1.121024606
p.(589C)	0.038237044	0	1.353994381
p.(589D)	0.174372162	5.55E-17	-1.07104937
p.(589E)	0.393037697	2.78E-16	-1.312293131
p.(589F)	0.102058526	0	2.129357978
p.(589G)	0.068077993	5.20E-18	0.891067797
p.(589H)	0.0188025	1.56E-09	1.558887035
p.(589handle)	0.471630394	0	-3.555687256
p.(589I)	0.19057663	0	1.549171065
p.(589K)	0.078416855	0	2.448110052
p.(589M)	0.185581084	0	1.474997763
p.(589N)	0.101309488	0	1.135198208
p.(589P)	0.127027337	6.94E-18	-0.586003561
p.(589Q)	0.129627992	0	1.149459634
p.(589R)	0.047750646	2.60E-18	2.068764104
p.(589S)	0.061969531	1.73E-18	0.117250975
p.(589T)	0.091233072	1.04E-17	-0.049566689
p.(589V)	0.033206596	0	1.146970782
p.(589W)	0.09571505	6.94E-18	2.316488025
p.(589Y)	0.042833136	0	0.528763289
p.(590_1AAdel)	0.562947867	0	-4.558340168
p.(590_2AAdel)	0.233862235	4.73E-07	-3.792846908
p.(590_3AAdel)	0.950090419	4.44E-16	-5.353686104
p.(590A)	0.146723014	0	1.495142275
p.(590C)	0.129745651	0	1.638377674
p.(590D)	0.512479656	0	-0.360339542
p.(590E)	0.079540548	3.47E-18	-0.078517715
p.(590F)	0.044150559	2.60E-18	1.882072355
p.(590G)	0.185698039	5.55E-17	-0.891173416
p.(590H)	0.018472785	4.73E-15	2.802504231
p.(590handle)	0.342289348	3.80E-05	-2.929633154
p.(590I)	0.094518827	3.47E-18	1.723846463
p.(590K)	0.017703133	1.30E-11	2.974268779
p.(590L)	0.061487612	3.47E-18	0.100784787
p.(590M)	0.06519555	0	1.423008306
p.(590N)	0.064041431	0	2.257370364
p.(590Q)	0.109937122	6.94E-18	1.154190047
p.(590R)	0.083672312	0	0.885674327
p.(590S)	0.068217967	0	0.802726331
p.(590T)	0.016158048	2.09E-07	1.090635426
p.(590V)	0.102779528	0	1.992804191
p.(590W)	0.042922005	0	2.944030462
p.(590Y)	0.057423777	1.73E-18	2.89896598
p.(591_1AAdel)	0.279922878	5.55E-17	-1.473433359
p.(591_2AAdel)	0.309724264	1.12E-06	-4.353629598
p.(591_3AAdel)	0.816872986	1.46E-95	-6.338847778
p.(591C)	0.035069297	0	2.159350092
p.(591D)	0.478506019	0	-2.327299473
p.(591E)	0.222578966	0	-0.44281829
p.(591F)	0.021236107	1.54E-10	2.840090201
p.(591G)	0.150777393	0	-0.379424774
p.(591H)	0.025213512	0	0.71532648
p.(591handle)	0.96365212	8.88E-16	-3.125982804
p.(591I)	0.152118308	0	1.789645825
p.(591K)	0.122172917	2.08E-17	2.865799953
p.(591L)	0.139366775	0	1.506736288
p.(591M)	0.032372143	0	2.275873576
p.(591N)	0.065217383	5.20E-18	1.735936633
p.(591P)	0.068122064	6.45E-23	-2.555432186
p.(591Q)	0.039159721	4.34E-19	2.039463517
p.(591R)	0.076051053	0	3.080877903
p.(591S)	0.071524227	0	1.465459823
p.(591T)	0.130389665	0	0.589365179
p.(591V)	0.091423825	0	1.351191251
p.(591W)	0.019699982	2.51E-41	3.262855824
p.(591Y)	0.081968045	3.47E-18	1.867903978
p.(592_1AAdel)	0.675111377	0	-4.849504253
p.(592_2AAdel)	1.080941945	0	-4.995524061
p.(592_3AAdel)	0.816939871	1.45E-95	-6.150959606
p.(592A)	0.123048815	1.39E-17	1.564417892
p.(592C)	0.033004289	0	1.675543538
p.(592D)	0.181059191	6.94E-17	-0.905346642
p.(592E)	0.217173935	0	-0.429945779
p.(592F)	0.25863226	8.33E-17	-0.777741907
p.(592G)	0.060637269	0	1.618909472
p.(592H)	0.061507442	1.73E-18	1.704253311
p.(592handle)	0.448612969	0	-2.661071478
p.(592I)	0.419625455	2.22E-16	-1.015620896
p.(592K)	0.073291668	1.73E-18	2.992520417
p.(592L)	0.153051683	1.39E-17	-1.499113322
p.(592M)	0.078791087	3.47E-18	1.185577535
p.(592N)	0.023766238	4.95E-15	1.713365137
p.(592Q)	0.152725024	0	1.433812632
p.(592R)	0.056397479	0	3.551557269
p.(592S)	0.061277144	1.73E-18	1.510928233
p.(592T)	0.088598892	0	1.094594633
p.(592V)	0.041064579	8.67E-19	1.555034045
p.(592W)	0.100578624	6.94E-18	0.746285779
p.(592Y)	0.034975663	0	0.98934596
p.(593_1AAdel)	0.626225976	0.000103916	-5.449675031
p.(593_2AAdel)	0.633004952	9.33E-12	-5.81100859
p.(593_3AAdel)	0.816875052	1.46E-95	-6.332483397
p.(593A)	0.129164761	6.94E-18	-0.064156211
p.(593C)	0.111807541	6.94E-18	1.046064842
p.(593D)	0.294857336	0	-2.183030124
p.(593E)	0.17001011	2.78E-17	-0.978600339
p.(593F)	0.042845073	0	1.926527457
p.(593G)	0.464066944	0	-3.869592711
p.(593H)	0.173896035	0	1.130599707
p.(593handle)	0.16333892	1.86E-18	-2.958480262
p.(593I)	0.097778436	0	-1.487562099
p.(593K)	0.030062593	4.50E-13	1.942193616
p.(593L)	0.194385487	0	-1.687125694
p.(593M)	0.108966136	0	0.257749636
p.(593N)	0.072192933	0	0.451172135
p.(593P)	0.035157374	2.24E-23	-2.624618003
p.(593Q)	0.18593679	4.16E-17	0.571770161
p.(593R)	0.089787597	3.47E-18	0.733577712
p.(593S)	0.132718686	0	1.22759606
p.(593V)	0.231954118	2.78E-17	1.00433324
p.(593W)	0.301049494	0	-1.688109857
p.(593Y)	0.063013276	0	1.120362943
p.(594_1AAdel)	1.084689968	1.33E-15	-3.382820964
p.(594_2AAdel)	0.766441792	2.25E-14	-5.430896763
p.(594_3AAdel)	0.816821969	1.47E-95	-6.510405827
p.(594A)	0.055738015	0	-0.005564466
p.(594C)	0.170068294	0	0.019952587
p.(594D)	0.03269626	1.57E-49	-0.817863111
p.(594E)	0.295647452	2.12E-37	-4.775806614
p.(594F)	0.862159134	0	-4.417910211
p.(594H)	0.477102249	0	-4.024377334
p.(594handle)	0.393050742	2.50E-11	-4.935575816
p.(594I)	0.620246212	0	-4.315856608
p.(594K)	0.93718146	4.44E-16	-4.135878425
p.(594L)	0.273114588	3.23E-07	-4.525876258
p.(594M)	0.632827614	1.23E-31	-6.391057067
p.(594N)	0.452781342	0	-4.299824896
p.(594P)	0.077847162	5.20E-18	-2.077898704
p.(594Q)	0.344102975	5.44E-22	-4.419203522
p.(594R)	0.058009957	0	-1.076421999
p.(594S)	0.058278009	0	0.293066668
p.(594T)	0.253959543	2.78E-17	-2.567547596
p.(594V)	0.167911061	0	0.167205065
p.(594W)	0.366241956	4.62E-27	-4.508433794
p.(594Y)	0.254976161	5.15E-07	-4.34629156
p.(595_1AAdel)	0.806891353	0	-3.731742616
p.(595_2AAdel)	0.816936904	1.45E-95	-6.158585954
p.(595_3AAdel)	0.63298504	2.26E-20	-5.906200551
p.(595A)	0.093288795	6.94E-18	0.409118852
p.(595C)	0.166553592	2.78E-17	1.199338809
p.(595D)	0.191307099	0	-0.624236831
p.(595E)	0.327954844	1.11E-16	-0.81867391
p.(595F)	0.267155085	0	0.194423213
p.(595G)	0.124443728	1.39E-17	-1.790934266
p.(595H)	0.031396796	2.46E-16	1.017846796
p.(595handle)	0.626221517	0.000106635	-5.114564484
p.(595I)	0.141220799	1.39E-17	1.014533518
p.(595K)	0.087533299	0	0.445446726
p.(595L)	0.036705645	0	1.4491558
p.(595M)	0.099656126	0	1.396770498
p.(595N)	0.224347144	2.78E-17	-0.032367494
p.(595P)	0.064406985	0	-1.349038799
p.(595R)	0.087486	6.94E-18	-0.196752647
p.(595S)	0.179711741	1.39E-17	0.363572216
p.(595T)	0.162882125	1.39E-17	1.165746464
p.(595V)	0.220964378	0	1.361453838
p.(595W)	0.036237489	4.06E-09	0.558687442
p.(595Y)	0.227715867	0	0.003563274
p.(596_1AAdel)	1.039023013	0	-4.983589986
p.(596_2AAdel)	0.816876619	1.46E-95	-6.327683388
p.(596_3AAdel)	0.632978454	2.26E-20	-5.921280723
p.(596A)	0.1411034	0	-2.141126299
p.(596C)	0.099360496	1.73E-17	-0.182237989
p.(596E)	0.132310322	2.78E-17	-2.408603602
p.(596F)	0.541264592	2.31E-09	-5.004671425
p.(596G)	0.095829988	1.04E-17	0.989662686
p.(596H)	0.075321641	5.20E-18	-2.088562
p.(596handle)	0.816978464	1.44E-95	-6.056701504
p.(596I)	0.365966728	5.01E-27	-4.843967418
p.(596K)	0.182183535	5.74E-07	-3.123000722
p.(596L)	0.616438501	0	-3.890253754
p.(596M)	0.595078347	1.36E-13	-5.687485136
p.(596N)	0.046062867	1.73E-18	3.089716144
p.(596P)	0.162309	9.99E-17	-3.783682613
p.(596Q)	0.884643196	0	-4.465155542
p.(596R)	0.121842543	0	-1.315568015
p.(596S)	0.089148793	0	2.701098057
p.(596T)	0.053558592	0	-2.42590959
p.(596V)	0.104811025	1.63E-16	-2.07648023
p.(596W)	0.427097366	2.54E-25	-5.196390369
p.(596Y)	0.061908584	4.16E-25	-2.13009838
p.(597_1AAdel)	0.633055133	9.26E-12	-5.705622732
p.(597_2AAdel)	0.816892005	1.45E-95	-6.281736011
p.(597_3AAdel)	0.816805541	1.47E-95	-6.572561752
p.(597A)	0.054832027	4.34E-18	-0.685646321
p.(597C)	0.347457871	3.33E-16	-4.399053004
p.(597D)	0.247031942	2.17E-14	-4.450164285
p.(597E)	0.459618862	0	-4.161182345
p.(597F)	0.470993647	1.54E-05	-5.026544091
p.(597G)	0.383029625	4.86E-11	-4.965142639
p.(597H)	0.048910085	1.73E-18	-1.721902333
p.(597handle)	0.816994371	1.44E-95	-6.020294914
p.(597I)	0.074488083	3.47E-18	-1.65623705
p.(597K)	0.081041162	3.44E-17	-1.851354032
p.(597L)	0.208661107	3.48E-08	-3.731862599
p.(597M)	0.378098476	1.18E-13	-4.932073688
p.(597N)	0.263540585	1.41E-40	-4.350899336
p.(597P)	0.147966473	4.90E-09	-3.494036221
p.(597Q)	0.19503738	2.11E-06	-4.715135085
p.(597R)	0.151764043	1.04E-07	-3.766908216
p.(597S)	0.312368059	5.55E-17	-2.115398334
p.(597V)	0.240675755	1.25E-16	-3.661681328
p.(597W)	0.295605592	2.12E-41	-4.754688735
p.(597Y)	0.462593841	3.26E-13	-4.841291826
p.(598_1AAdel)	0.816904529	1.45E-95	-6.24583472
p.(598_2AAdel)	0.816886904	1.46E-95	-6.296736293
p.(598_3AAdel)	0.816839819	1.46E-95	-6.446980024
p.(598A)	0.047351737	0	1.830237587
p.(598C)	0.177443211	2.78E-17	1.657310084
p.(598D)	0.097352783	0	-0.352096071
p.(598E)	0.053410916	2.60E-18	-0.29644441
p.(598F)	0.225218205	0	-0.399517269
p.(598G)	0.118418992	1.39E-17	-0.38337689
p.(598H)	0.06542301	3.47E-18	2.117680095
p.(598handle)	0.766441792	2.41E-14	-5.179027396
p.(598I)	0.120981114	0	-0.332663919
p.(598K)	0.071891896	0	2.868302835
p.(598L)	0.230759977	5.55E-17	0.241439181
p.(598M)	0.089924494	0	1.57765006
p.(598N)	0.052564614	0	1.244947625
p.(598P)	0.093061246	0	0.118220633
p.(598R)	0.04222247	8.67E-19	1.002217839
p.(598S)	0.09603505	0	1.79222079
p.(598T)	0.081934278	0	0.567021725
p.(598V)	0.101876522	0	1.367547361
p.(598W)	0.083961635	3.47E-18	2.008734402
p.(598Y)	0.171553703	0	1.509747916
p.(599_1AAdel)	0.816866942	1.46E-95	-6.357701439
p.(599_2AAdel)	0.816846588	1.46E-95	-6.423940848
p.(599_3AAdel)	0.816774952	1.48E-95	-6.699716928
p.(599A)	0.172844819	0	-0.579969458
p.(599C)	0.034478121	3.39E-16	0.871963724
p.(599D)	0.534881436	1.01E-36	-6.171393877
p.(599E)	0.148548798	2.08E-17	-2.138864214
p.(599F)	0.392775594	1.99E-30	-5.328321026
p.(599G)	0.060942853	0	-1.307132081
p.(599H)	0.34364627	3.20E-84	-5.023224487
p.(599handle)	0.633489858	2.10E-20	-5.141904371
p.(599I)	0.04536459	2.26E-23	-1.798391354
p.(599K)	0.06057967	0	-1.50376738
p.(599L)	0.119389871	0	-2.047241876
p.(599M)	0.476530642	2.22E-16	-3.431779468
p.(599N)	0.277357484	3.37E-06	-4.734622858
p.(599P)	0.039109224	1.30E-18	1.409470524
p.(599Q)	0.060559624	3.84E-06	-1.608689098
p.(599R)	0.186733243	0	-1.842863939
p.(599S)	0.377476101	0	-1.712133378
p.(599T)	0.133353906	6.94E-18	1.388265358
p.(599W)	0.061891975	2.15E-46	-1.786968031
p.(599Y)	0.364348347	1.65E-06	-5.002418648
p.(600_1AAdel)	0.535202435	9.89E-37	-5.377340013
p.(600_2AAdel)	0.816798351	1.47E-95	-6.601029021
p.(600_3AAdel)	0.816841901	1.46E-95	-6.439837136
p.(600A)	0.359042348	0	-1.884620884
p.(600C)	0.131437514	3.55E-07	-3.400889456
p.(600D)	0.343372573	3.42E-84	-5.763274136
p.(600E)	0.413274743	4.39E-07	-5.614622257
p.(600F)	0.365733985	2.21E-16	-5.445271199
p.(600G)	0.037939997	6.12E-20	-1.09699914
p.(600H)	0.660882355	1.11E-08	-6.257161885
p.(600handle)	0.816980276	1.44E-95	-6.052486535
p.(600I)	0.159360545	6.94E-18	-2.93305395
p.(600K)	0.061872103	1.73E-18	-1.312072068
p.(600L)	0.25730071	9.07E-14	-4.768267291
p.(600M)	0.309497208	2.36E-06	-4.763918758
p.(600N)	0.036472178	2.43E-25	-1.22213723
p.(600P)	0.184809066	3.43E-59	-4.507348202
p.(600Q)	0.066649569	0	-1.612513118
p.(600R)	0.057154866	9.60E-44	-2.658864289
p.(600T)	0.190582789	2.78E-17	-3.290416077
p.(600V)	0.517890088	0	-4.139543576
p.(600W)	0.632841811	2.30E-20	-6.299879011
p.(600Y)	0.534144128	2.22E-16	-5.130246089
p.(601_1AAdel)	0.816904529	1.45E-95	-6.24583472
p.(601_2AAdel)	0.816859226	1.46E-95	-6.382299144
p.(601_3AAdel)	0.816831389	1.47E-95	-6.476435169
p.(601A)	0.216061639	2.78E-17	-1.229925655
p.(601C)	0.304073689	0	-1.863307952
p.(601D)	0.089181476	0	-0.716971028
p.(601E)	0.437378658	1.11E-16	-0.943372433
p.(601F)	0.200140172	0	0.980082572
p.(601G)	0.237100798	5.55E-17	-0.457514497
p.(601H)	0.470245419	1.50E-15	-5.093842163
p.(601handle)	0.816925476	1.45E-95	-6.188522708
p.(601I)	0.080221844	9.49E-42	-2.905763939
p.(601K)	1.791957211	0	-3.123738171
p.(601L)	0.216267679	2.56E-08	-4.936545782
p.(601M)	0.925851976	0	-3.381486126
p.(601N)	0.035744541	8.67E-19	1.703587407
p.(601P)	0.072065323	0	-1.350648922
p.(601Q)	0.022438632	2.51E-137	-1.067734526
p.(601R)	0.066014252	1.03E-09	-1.988475887
p.(601T)	0.301601083	5.55E-17	-1.280391885
p.(601V)	0.402972696	0	-4.517754444
p.(601W)	0.106895497	3.47E-18	-0.053850093
p.(601Y)	0.134700162	0	-1.775395487
p.(602_1AAdel)	0.633042067	1.20E-31	-5.836655484
p.(602_2AAdel)	0.816819801	1.47E-95	-6.518389901
p.(602_3AAdel)	0.816838995	1.46E-95	-6.449822954
p.(602A)	0.349924118	1.95E-13	-4.696392329
p.(602C)	0.513005752	0	-3.833073808
p.(602D)	0.246839522	8.33E-17	-2.755713403
p.(602E)	0.701659282	0	-4.295674248
p.(602F)	0.840694547	8.88E-16	-3.79443624
p.(602G)	0.615061786	0	-4.477608308
p.(602handle)	0.816824543	1.47E-95	-6.501009784
p.(602I)	0.529444534	1.11E-16	-3.858741983
p.(602K)	0.36174506	5.55E-17	-2.586560683
p.(602L)	0.080377656	5.97E-11	-2.374601578
p.(602M)	0.563111349	6.15E-08	-5.573887144
p.(602N)	0.185600656	1.39E-17	-1.836445165
p.(602P)	0.05442845	0	-1.385231328
p.(602Q)	0.242929775	0	-2.460446205
p.(602R)	0.190627305	0	-0.519444849
p.(602S)	0.290754594	0	-4.900634078
p.(602T)	0.177093222	0	-1.949275296
p.(602V)	0.424217419	0	-4.180996166
p.(602W)	0.263609919	1.38E-40	-4.263730249
p.(602Y)	0.034850855	6.86E-06	-0.887256713
p.(603_1AAdel)	0.816871963	1.46E-95	-6.342014843
p.(603_2AAdel)	1.117823547	0	-5.213286538
p.(603_3AAdel)	0.81682016	1.47E-95	-6.517063641
p.(603A)	0.50595619	0	-3.544484392
p.(603C)	0.081402485	0	-0.890905684
p.(603D)	0.115791299	1.39E-17	-2.088007171
p.(603E)	0.354361728	4.97E-12	-4.783534892
p.(603F)	0.390064313	1.11E-16	-0.311803794
p.(603G)	0.13792979	1.79E-08	-3.545962431
p.(603H)	0.312597158	0	-1.780894304
p.(603handle)	0.633850434	1.06E-31	-4.879001159
p.(603I)	0.06801963	3.47E-18	-1.470900579
p.(603K)	0.168340567	0	-0.140221469
p.(603L)	0.220253003	0	-1.486889612
p.(603M)	0.784356676	4.44E-16	-2.852049462
p.(603N)	0.247156014	2.17E-15	-4.431195967
p.(603P)	0.058280605	0	-1.380326909
p.(603Q)	0.166691237	2.78E-17	-0.165355234
p.(603S)	0.364642172	1.11E-16	-3.955860374
p.(603T)	0.233755652	1.41E-38	-3.955874897
p.(603V)	0.168743362	0	-0.949668034
p.(603W)	0.761738922	0	-4.348973839
p.(603Y)	0.358594039	1.11E-16	-1.084346614
p.(604_1AAdel)	0.472422181	3.05E-32	-4.929477617
p.(604_2AAdel)	0.8168735	1.46E-95	-6.337260476
p.(604_3AAdel)	0.816867934	1.46E-95	-6.354583744
p.(604A)	0.408863812	4.16E-10	-4.829101293
p.(604C)	0.087618594	0	0.619285334
p.(604D)	0.295524259	6.49E-08	-5.104011435
p.(604E)	0.30987626	9.42E-16	-4.289650353
p.(604F)	0.078425019	1.07E-15	-1.441503979
p.(604G)	0.221813541	4.09E-06	-4.578306423
p.(604H)	0.435923036	1.67E-16	-4.676986743
p.(604handle)	0.816739612	1.48E-95	-6.870082274
p.(604I)	0.106240796	0	-0.514964846
p.(604K)	0.232115411	2.78E-17	-3.881044697
p.(604M)	0.195776953	6.94E-17	0.119144595
p.(604N)	0.199089434	3.89E-18	-4.061466979
p.(604P)	0.255051937	3.64E-27	-4.211130525
p.(604Q)	0.365592669	1.76E-49	-5.633146259
p.(604R)	0.068321327	0	-1.892935088
p.(604S)	0.087935149	0	-1.054603734
p.(604T)	0.14201612	1.13E-16	-3.458877452
p.(604V)	0.05610569	0	1.957458917
p.(604W)	0.066956884	1.73E-18	1.848777223
p.(604Y)	0.087011884	0	1.983395523
p.(605_1AAdel)	0.633055858	9.26E-12	-5.704178322
p.(605_2AAdel)	0.816799572	1.47E-95	-6.596136045
p.(605_3AAdel)	1.316413389	1.78E-15	-4.753775015
p.(605A)	0.039188583	0	2.716300606
p.(605C)	0.124462157	0	2.798553715
p.(605E)	0.067418357	0	0.116945584
p.(605F)	0.551410855	0	-2.964602848
p.(605G)	0.052044098	8.67E-19	2.534347305
p.(605H)	0.034644024	0	2.905899513
p.(605handle)	0.817254064	1.39E-95	-5.560489918
p.(605I)	0.226459651	0	0.661413727
p.(605K)	0.035194483	0	4.083863832
p.(605L)	0.036883084	0	3.445088876
p.(605M)	0.053688479	1.73E-18	2.470794448
p.(605N)	0.074845956	0	3.094435511
p.(605P)	0.353467949	0	-3.699363332
p.(605Q)	0.079192886	0	1.893157398
p.(605R)	0.154927351	0	1.43464785
p.(605S)	0.017925369	4.41E-19	2.936431711
p.(605T)	0.058637338	0	3.053712925
p.(605V)	0.028523168	0	3.011736402
p.(605W)	0.582802223	0	-1.767172233
p.(605Y)	0.211792666	0	-1.013492268
p.(606_1AAdel)	0.633011853	1.20E-31	-5.898498758
p.(606_2AAdel)	0.632961316	2.27E-20	-5.961615575
p.(606_3AAdel)	0.816872473	1.46E-95	-6.340432564
p.(606A)	0.08493569	3.47E-18	-1.157864979
p.(606C)	0.096060883	6.94E-18	0.926300426
p.(606D)	0.194878999	4.90E-28	-4.767477414
p.(606E)	0.426901419	2.35E-14	-5.775148071
p.(606F)	0.564097159	0	-4.990361001
p.(606G)	0.239607756	3.57E-15	-4.982522129
p.(606H)	0.203181508	2.27E-09	-3.967167336
p.(606handle)	0.816822334	1.47E-95	-6.509068928
p.(606I)	0.160326356	0	0.347349183
p.(606K)	0.324982019	1.42E-38	-5.205228635
p.(606L)	0.355841487	0	-2.617909695
p.(606M)	0.109486491	0	-2.005714914
p.(606N)	0.138440789	1.39E-17	-2.443709804
p.(606P)	0.499376244	4.44E-16	-3.409450274
p.(606Q)	0.325266668	1.86E-24	-4.756846961
p.(606R)	0.216549527	1.07E-12	-4.434367599
p.(606S)	0.103359024	6.94E-18	-2.325947159
p.(606V)	0.644699782	0	-3.700431876
p.(606W)	0.069795639	3.47E-18	-1.799927061
p.(606Y)	0.059542419	0	-1.427177764
p.(607_1AAdel)	0.816861597	1.46E-95	-6.374677156
p.(607_2AAdel)	0.816895492	1.45E-95	-6.271609343
p.(607_3AAdel)	0.816819086	1.47E-95	-6.521037156
p.(607A)	0.100380568	1.21E-07	-2.996483507
p.(607C)	0.111520969	0	-2.540952779
p.(607D)	0.063936412	8.43E-16	-1.717072498
p.(607E)	0.324913673	2.22E-18	-5.448740431
p.(607F)	0.283616455	1.07E-22	-4.662560318
p.(607H)	0.301698911	0.000267922	-4.39389541
p.(607handle)	0.816860644	1.46E-95	-6.377732926
p.(607I)	0.392788941	1.79E-26	-5.446084872
p.(607K)	0.627623008	0	-3.000723804
p.(607L)	0.09978482	3.81E-10	-3.104115401
p.(607M)	0.365786541	2.27E-21	-5.112658589
p.(607N)	0.283883809	5.61E-19	-4.40898527
p.(607P)	0.255259918	1.03E-06	-4.147894578
p.(607Q)	0.378098476	1.27E-13	-4.606114799
p.(607R)	0.344984498	0	-2.174848065
p.(607S)	0.039826993	2.07E-08	-1.246630021
p.(607T)	0.509498998	6.53E-08	-4.850699571
p.(607V)	0.044195676	3.34E-41	-2.420365497
p.(607W)	0.060703274	3.47E-18	-1.498545794
p.(607Y)	0.343711296	3.35E-41	-4.968910266
p.(608_1AAdel)	0.816821605	1.47E-95	-6.51174094
p.(608_2AAdel)	0.816884685	1.46E-95	-6.303331535
p.(608_3AAdel)	1.492114207	1.78E-15	-4.875257213
p.(608A)	0.254678824	3.88E-72	-4.729607554
p.(608C)	0.125791357	1.39E-17	-1.781754739
p.(608D)	0.206373009	0	-2.899309476
p.(608E)	0.03426158	3.37E-16	-0.867797106
p.(608F)	0.795566961	0	-5.032982051
p.(608G)	0.459184151	0	-3.520860411
p.(608H)	0.272395944	0	-1.285724876
p.(608handle)	0.816781365	1.47E-95	-6.671688187
p.(608I)	0.222394551	1.39E-17	-2.717713783
p.(608L)	0.67354756	4.44E-16	-3.328964737
p.(608M)	1.524661735	0	-3.938996887
p.(608N)	0.082679795	6.94E-18	-0.486391132
p.(608P)	0.468474312	0	-3.835843521
p.(608Q)	0.644249072	8.88E-16	-2.899413016
p.(608R)	0.035950186	8.67E-19	2.104223256
p.(608S)	0.353047349	5.55E-17	-2.708923314
p.(608T)	0.275076652	0	-3.187676131
p.(608V)	0.989702026	4.44E-16	-4.11859186
p.(608W)	0.021313823	2.48E-10	0.962549892
p.(608Y)	0.083928243	0	-0.880416669
p.(609_1AAdel)	0.816810124	1.47E-95	-6.554828545
p.(609_2AAdel)	0.932571442	2.22E-16	-5.213596196
p.(609_3AAdel)	0.816858756	1.46E-95	-6.383816595
p.(609A)	0.128487595	0	0.969431245
p.(609C)	0.13882428	6.94E-18	2.113725085
p.(609D)	0.184279883	2.93E-13	-3.261608501
p.(609E)	0.854635862	1.11E-15	-4.995409127
p.(609F)	0.037814086	8.87E-11	-1.943860369
p.(609G)	0.353120569	2.22E-16	-3.883578715
p.(609H)	0.324899474	1.11E-29	-5.425631152
p.(609handle)	0.816835341	1.46E-95	-6.46251706
p.(609I)	0.0543733	7.89E-29	-2.292884143
p.(609K)	0.419186786	2.52E-13	-5.350797806
p.(609L)	0.089765565	6.74E-08	-2.917454346
p.(609M)	0.396548773	1.23E-06	-5.067230546
p.(609N)	0.36565071	8.90E-12	-5.431007772
p.(609P)	0.272622312	1.49E-31	-5.427614035
p.(609Q)	0.39258589	8.16E-69	-5.941655662
p.(609R)	0.324850597	3.11E-79	-5.605486476
p.(609S)	0.059213419	0	0.059293677
p.(609T)	0.107221105	3.20E-12	-2.997493227
p.(609W)	0.365647745	2.20E-32	-5.586448056
p.(609Y)	0.34367512	8.49E-06	-5.420120662
p.(610_1AAdel)	0.81682052	1.47E-95	-6.515735619
p.(610_2AAdel)	0.632966338	1.21E-31	-5.999528993
p.(610_3AAdel)	0.816902684	1.45E-95	-6.251043065
p.(610A)	0.136529879	2.91E-07	-3.702262468
p.(610C)	0.433813233	4.74E-07	-5.231816201
p.(610D)	0.392692083	7.98E-69	-5.578232703
p.(610E)	0.533423747	1.11E-16	-4.074302183
p.(610F)	0.480622289	5.55E-17	-5.107673205
p.(610G)	0.25451477	1.17E-57	-5.172018621
p.(610H)	0.30993006	3.48E-05	-5.19416922
p.(610handle)	0.816808469	1.47E-95	-6.561197994
p.(610I)	0.328698648	5.33E-12	-5.129404488
p.(610K)	0.608077408	1.86E-13	-5.100364667
p.(610L)	0.036015259	3.43E-30	-1.215531097
p.(610M)	0.426868127	1.03E-20	-5.600105928
p.(610N)	0.395607576	2.47E-11	-4.969446683
p.(610Q)	0.039635436	9.11E-18	-1.707583784
p.(610R)	0.117108261	1.29E-07	-2.797959332
p.(610S)	0.061631883	0	-1.252231741
p.(610T)	0.104792864	1.23E-13	-2.671992873
p.(610V)	0.272795989	3.33E-21	-4.972535068
p.(610W)	0.534966262	2.95E-52	-5.928690321
p.(610Y)	0.392850976	1.76E-26	-5.312651235
p.(611_1AAdel)	0.472184847	2.45E-17	-5.204322896
p.(611_2AAdel)	0.816821969	1.47E-95	-6.510405827
p.(611_3AAdel)	0.816814875	1.47E-95	-6.536775186
p.(611C)	0.263365627	2.47E-32	-4.839482457
p.(611D)	0.173541821	3.68E-09	-4.43698542
p.(611E)	0.078143308	8.92E-09	-2.839048141
p.(611F)	0.295349621	1.18E-27	-5.514586017
p.(611G)	0.12863761	1.93E-09	-3.276446332
p.(611H)	0.050723559	0	-1.862491949
p.(611handle)	0.816913399	1.45E-95	-6.221163865
p.(611I)	0.283241662	8.48E-38	-5.564009137
p.(611K)	0.471704824	3.29E-32	-6.48842477
p.(611L)	0.246917059	2.22E-151	-4.620711483
p.(611M)	1.368971974	1.78E-15	-5.519603428
p.(611N)	0.392602248	8.13E-69	-5.87633717
p.(611P)	0.190660264	0	-3.313133607
p.(611Q)	0.221787052	0.000161498	-4.451732451
p.(611R)	0.258430147	3.75E-11	-3.899632468
p.(611S)	0.080549973	5.79E-16	-2.817052432
p.(611T)	0.058711397	9.54E-18	-1.878903005
p.(611V)	0.027513405	2.89E-57	-1.079372635
p.(611W)	0.425215395	0.00101707	-5.388448535
p.(611Y)	0.343383137	3.41E-84	-5.721857605
p.(612_1AAdel)	0.816796541	1.47E-95	-6.608323886
p.(612_2AAdel)	0.81679213	1.47E-95	-6.626331576
p.(612_3AAdel)	0.816837359	1.46E-95	-6.455484682
p.(612A)	0.122798016	2.01E-05	-3.521517085
p.(612C)	0.373299523	3.23E-10	-5.183790413
p.(612D)	0.426773788	1.05E-20	-5.909934306
p.(612E)	0.365621601	2.24E-16	-5.746796177
p.(612F)	0.105945017	6.94E-18	-1.967298255
p.(612G)	0.478738874	1.11E-16	-3.988101392
p.(612H)	0.18181633	2.78E-17	-2.179719227
p.(612handle)	0.816968763	1.44E-95	-6.079571524
p.(612I)	0.11386217	5.06E-20	-3.771854861
p.(612K)	0.392729635	4.60E-22	-5.571929828
p.(612M)	0.365653653	3.07E-20	-5.527929536
p.(612N)	0.250209483	0.000591038	-4.336194366
p.(612P)	0.028018085	6.84E-18	-1.406303683
p.(612Q)	0.283225313	7.23E-08	-5.722649013
p.(612R)	0.145919226	4.82E-11	-3.061977997
p.(612S)	0.041849112	3.47E-18	-2.072730459
p.(612T)	0.087819008	6.82E-05	-3.236891975
p.(612V)	0.418386594	0	-4.351154045
p.(612W)	0.392657951	2.75E-11	-5.780987826
p.(612Y)	0.295333737	5.40E-50	-5.449361143
p.(863_1AAdel)	0.816861597	1.46E-95	-6.374677156
p.(863_2AAdel)	0.932571442	0	-4.754968598
p.(863_3AAdel)	0.287965899	0	-2.681580476
p.(863A)	0.228542167	0	-2.638800623
p.(863C)	0.63277529	2.33E-20	-6.553513615
p.(863D)	0.925786408	4.44E-16	-4.836448828
p.(863E)	0.036542519	5.90E-19	-1.129108746
p.(863F)	0.426832352	2.01E-11	-6.008881966
p.(863H)	0.324946484	6.38E-20	-5.415068719
p.(863handle)	0.307284178	0	0.980366288
p.(863I)	0.295435919	2.72E-30	-5.192353408
p.(863K)	0.301707142	0.000266292	-4.498039586
p.(863L)	0.173573553	7.15E-07	-4.314949993
p.(863M)	0.471726166	3.31E-72	-6.129685621
p.(863N)	0.514548851	3.33E-16	-3.831840865
p.(863P)	0.247018057	3.94E-08	-4.451113775
p.(863Q)	0.565618312	2.22E-16	-4.276882802
p.(863R)	0.399175902	0	-1.016817402
p.(863S)	0.263193843	2.78E-17	-2.771120888
p.(863T)	0.742306663	4.44E-16	-5.632089948
p.(863V)	0.139650704	1.32E-16	-3.212757935
p.(863W)	0.081806119	7.57E-12	-3.535443843
p.(863Y)	0.309077788	3.56E-21	-5.542664375
p.(864_1AAdel)	0.221553379	0	1.100972396
p.(864_2AAdel)	0.256180619	4.08E-19	-3.363794876
p.(864_3AAdel)	0.268129699	2.78E-17	-2.648389438
p.(864A)	0.03041207	3.35E-11	1.13692234
p.(864C)	0.043867	0	1.163649944
p.(864D)	0.115455703	1.39E-17	0.881417743
p.(864E)	0.055222427	0	0.815182228
p.(864F)	0.103570806	3.47E-18	-0.405527178
p.(864G)	0.154893118	0	0.672020138
p.(864H)	0.087288787	1.04E-17	1.102028307
p.(864handle)	0.255797748	0	0.889185927
p.(864I)	0.077263351	0	0.829392974
p.(864L)	0.093467611	0	1.183613689
p.(864M)	0.086625834	3.47E-18	1.518832006
p.(864N)	0.077928419	6.94E-18	-0.079157954
p.(864P)	0.209113913	0	0.882326089
p.(864Q)	0.084550297	0	1.75435203
p.(864R)	0.036637099	1.30E-18	1.758777622
p.(864S)	0.122151968	0	1.266964165
p.(864T)	0.146228597	0	1.447561926
p.(864V)	0.154080805	1.39E-17	1.446159034
p.(864W)	0.120220993	0	0.578817308
p.(864Y)	0.265514629	0	-0.130169457
p.(865_1AAdel)	0.094822067	0	1.835093944
p.(865_2AAdel)	0.174147276	1.40E-07	-1.729111259
p.(865_3AAdel)	0.391564234	1.41E-08	-4.07427109
p.(865A)	0.0443518	0	1.607153997
p.(865C)	0.057349009	0	1.694192412
p.(865D)	0.04105606	0	1.87246902
p.(865E)	0.049819034	2.60E-18	1.768213442
p.(865G)	0.03124757	7.74E-16	1.485457935
p.(865H)	0.089853451	0	1.586902982
p.(865handle)	0.272493219	2.78E-17	0.841694794
p.(865I)	0.112464592	6.94E-18	0.995051581
p.(865K)	0.02767684	2.29E-13	1.164469546
p.(865L)	0.022598117	0	0.306738221
p.(865M)	0.08660462	0	1.596636364
p.(865N)	0.098107283	0	1.323788993
p.(865P)	0.063418479	0	1.163622332
p.(865Q)	0.053946706	8.67E-19	1.667949997
p.(865R)	0.043958411	0	1.197098153
p.(865S)	0.078951062	3.47E-18	1.410633218
p.(865T)	0.107136866	1.39E-17	1.503032838
p.(865V)	0.060059309	0	1.754892089
p.(865W)	0.032959766	0	1.212986551
p.(865Y)	0.100304629	1.73E-17	1.690174239
p.(866_1AAdel)	0.370694352	0	0.43105445
p.(866_2AAdel)	0.479803994	1.16E-06	-3.537129238
p.(866_3AAdel)	1.219607529	0	-3.881334059
p.(866A)	0.112275852	0	1.098187584
p.(866C)	0.111191896	1.39E-17	0.609359664
p.(866D)	0.119628465	0	-0.303161629
p.(866E)	0.155995537	1.39E-17	0.976901969
p.(866F)	0.303531602	5.55E-17	0.361698381
p.(866H)	0.237312092	5.55E-17	1.110238678
p.(866handle)	0.220825982	0	0.299120895
p.(866I)	0.317322241	5.55E-17	-0.312491605
p.(866K)	0.264382279	8.33E-17	0.36833239
p.(866L)	0.194379257	0	0.662391947
p.(866M)	0.027743781	2.93E-10	1.160762122
p.(866N)	0.183662216	0	0.63212959
p.(866P)	0.148379758	0	1.028083343
p.(866Q)	0.032506924	5.04E-13	1.169587282
p.(866R)	0.086690206	0	0.377744546
p.(866S)	0.203085699	0	0.74363759
p.(866T)	0.157911976	1.39E-17	0.07289156
p.(866V)	0.33749629	0	-0.84482263
p.(866W)	0.221580776	2.78E-17	-0.501876003
p.(866Y)	0.196302964	4.16E-17	0.662224174
p.(867_1AAdel)	0.263173623	0	0.67720653
p.(867_2AAdel)	1.410901516	4.44E-15	-4.849490436
p.(867_3AAdel)	0.710870533	0	-4.476636257
p.(867A)	0.152101253	0	0.589297888
p.(867C)	0.306119738	1.11E-16	0.666235666
p.(867D)	0.031496187	8.35E-08	-0.274197905
p.(867E)	0.268883191	2.78E-17	0.538052837
p.(867F)	0.198009483	0	0.043092268
p.(867G)	0.022045003	1.81E-06	1.250097497
p.(867H)	0.089977316	0	1.013818834
p.(867handle)	0.397011078	1.11E-16	0.165264891
p.(867I)	0.055581311	0	0.132770741
p.(867K)	0.152726129	0	-0.119111334
p.(867L)	0.166235098	1.39E-17	0.059371138
p.(867M)	0.282104131	0	0.221719137
p.(867N)	0.272838632	0	0.479254332
p.(867P)	0.122537556	6.94E-18	0.354433944
p.(867R)	0.146903126	1.39E-17	0.154661828
p.(867S)	0.116291783	0	-0.211783371
p.(867T)	0.158690269	0	0.043442619
p.(867V)	0.138698846	0	0.359377634
p.(867W)	0.228009511	2.78E-17	-0.132756454
p.(867Y)	0.368511698	0	-0.002109976
p.(868_1AAdel)	0.239613408	0	0.478790947
p.(868_2AAdel)	0.300566607	1.39E-16	-1.73860582
p.(868_3AAdel)	0.816823066	1.47E-95	-6.506389757
p.(868A)	0.116365733	1.39E-17	-0.671207574
p.(868C)	0.066547363	1.73E-18	0.048853386
p.(868D)	0.08506437	0	0.771394507
p.(868E)	0.093601637	1.04E-17	0.8078464
p.(868F)	0.298071226	0	-0.706396155
p.(868G)	0.225990725	0	0.229948047
p.(868H)	0.128763554	0	-0.355816894
p.(868handle)	0.519102047	0	0.062886163
p.(868I)	0.187757562	0	-0.501918136
p.(868K)	0.376461529	0	-0.020309972
p.(868L)	0.144242304	0	-0.200371576
p.(868M)	0.053700594	8.67E-19	0.144795175
p.(868N)	0.135668349	0	0.064156933
p.(868P)	0.158272025	2.78E-17	0.194366146
p.(868R)	0.106456219	6.94E-18	-0.069679117
p.(868S)	0.100267466	0	-0.711713494
p.(868T)	0.2350112	0	0.096623052
p.(868V)	0.022504702	8.76E-13	-0.343484679
p.(868W)	0.414330868	1.11E-16	-0.173952323
p.(868Y)	0.210663168	5.55E-17	-0.129376717
p.(869_1AAdel)	0.193379949	1.39E-17	0.041803936
p.(869_2AAdel)	1.012986302	0	-3.904955432
p.(869_3AAdel)	0.816807812	1.47E-95	-6.563734457
p.(869A)	0.057107968	0	0.665486775
p.(869C)	0.187630037	0	0.646312467
p.(869D)	0.044610714	8.67E-19	1.438604129
p.(869E)	0.116318805	1.39E-17	0.976415817
p.(869F)	0.109590349	0	0.314204095
p.(869G)	0.11488349	0	0.730328221
p.(869H)	0.210132956	0	0.532145857
p.(869handle)	0.599235359	2.22E-16	-0.205969194
p.(869I)	0.290954734	5.55E-17	-0.139046578
p.(869K)	0.197726191	0	0.024474536
p.(869L)	0.505996679	1.11E-16	-0.829114548
p.(869M)	0.108497832	6.94E-18	1.031342689
p.(869N)	0.205978191	5.55E-17	0.753461365
p.(869P)	0.076482805	3.47E-18	-0.647912619
p.(869Q)	0.188171377	0	0.412693815
p.(869R)	0.13896443	0	-0.306168921
p.(869T)	0.121710683	0	0.636633586
p.(869V)	0.235247604	5.55E-17	-1.190188677
p.(869W)	0.193960886	2.78E-17	-0.098527489
p.(869Y)	0.12257778	6.94E-18	0.126123687
p.(870_1AAdel)	0.244730247	0	-0.879708117
p.(870_2AAdel)	0.816914702	1.45E-95	-6.217589241
p.(870_3AAdel)	0.816908277	1.45E-95	-6.235335936
p.(870A)	0.295001693	0	0.203004843
p.(870C)	0.20608522	0	-0.307836511
p.(870D)	0.144334337	0	0.324127816
p.(870E)	0.119573978	1.39E-17	-0.914599645
p.(870F)	0.303379959	5.55E-17	-0.857194946
p.(870H)	0.07222614	0	-0.272793088
p.(870handle)	0.385272605	1.67E-16	-0.725495202
p.(870I)	0.075824006	8.70E-07	-2.055879769
p.(870K)	0.203459011	0	-0.108433822
p.(870L)	0.227562007	0	-0.576559738
p.(870M)	0.276480919	0	0.226398657
p.(870N)	0.107253621	2.08E-17	0.476446648
p.(870P)	0.18377283	0	-0.582358066
p.(870Q)	0.057923761	0	0.132941285
p.(870R)	0.169018605	0	-0.550457364
p.(870S)	0.163189477	4.16E-17	-0.369523404
p.(870T)	0.262767467	0	-0.242230879
p.(870V)	0.067957039	0	-1.822958849
p.(870W)	0.511087528	0	-2.246622916
p.(870Y)	0.65554848	4.44E-16	-1.835146517
p.(871_1AAdel)	0.19414584	4.16E-17	-0.355783234
p.(871_2AAdel)	0.817086986	1.42E-95	-5.831189219
p.(871_3AAdel)	0.816839819	1.46E-95	-6.446980024
p.(871C)	0.119540765	0	0.585167866
p.(871D)	0.08431896	5.99E-27	-2.756507423
p.(871E)	0.392568187	5.55E-17	-2.523528388
p.(871F)	0.072330917	1.73E-18	-0.732068489
p.(871G)	0.156742528	0	-0.131879398
p.(871H)	0.235307329	5.55E-17	-2.746225925
p.(871handle)	0.415143498	2.22E-16	-1.555134538
p.(871I)	0.154641711	9.66E-09	-3.809852381
p.(871K)	0.405153115	0	-3.508714823
p.(871L)	0.045821594	0	-1.244630125
p.(871M)	0.929122684	4.44E-16	-2.146419212
p.(871N)	0.250473976	5.55E-17	-2.636761443
p.(871P)	0.260483816	2.78E-17	-1.157990072
p.(871Q)	0.201721309	2.78E-17	-0.55725617
p.(871R)	0.345300799	2.22E-16	-3.653266447
p.(871S)	0.308411167	1.67E-16	-1.199771516
p.(871T)	0.100284425	6.94E-18	-1.407243129
p.(871V)	0.227125675	5.55E-17	-1.286666254
p.(871W)	0.324900176	1.32E-42	-5.505326874
p.(871Y)	0.173033194	2.78E-17	-1.370314489
p.(872_1AAdel)	0.90326146	4.44E-16	-4.742962242
p.(872_2AAdel)	0.81689667	1.45E-95	-6.268210869
p.(872_3AAdel)	0.816796242	1.47E-95	-6.60953454
p.(872A)	0.385772402	1.67E-16	-1.525755718
p.(872C)	0.300990794	0	-1.537621618
p.(872D)	0.309133948	7.09E-21	-5.339678993
p.(872E)	0.325610019	1.26E-24	-4.425627397
p.(872F)	0.149250658	0	-1.489174191
p.(872G)	0.476636392	0	-2.961053776
p.(872H)	0.343631469	1.87E-40	-5.038982772
p.(872handle)	0.353008051	1.11E-16	-2.348956333
p.(872K)	0.295580253	6.21E-85	-4.809186175
p.(872L)	0.123537881	0	-0.634806179
p.(872M)	0.36344371	1.11E-16	-1.584567466
p.(872N)	0.09217699	1.47E-07	-2.528651719
p.(872P)	0.32145541	0	-3.645115362
p.(872Q)	0.30914191	1.28E-10	-5.253127566
p.(872R)	0.687163276	0	-3.414223372
p.(872S)	0.051589254	1.73E-18	-1.332381517
p.(872T)	0.075628589	0	-0.972891989
p.(872V)	0.025002147	2.79E-06	1.268535766
p.(872W)	0.86103308	0	-5.682646828
p.(872Y)	0.051579724	5.80E-26	-2.710588211
p.(873_1AAdel)	0.472338718	3.07E-32	-5.025914334
p.(873_2AAdel)	0.633081507	2.23E-20	-5.707992225
p.(873_3AAdel)	0.816832957	1.46E-95	-6.470891149
p.(873A)	0.192493378	0	-0.904836215
p.(873C)	0.082586433	3.47E-18	0.395357013
p.(873D)	0.332543745	1.67E-16	-2.4510812
p.(873E)	0.321980737	0	-0.336969406
p.(873F)	0.273200783	0	0.380315486
p.(873G)	0.36342451	0	-1.936884964
p.(873H)	0.032190546	6.11E-13	0.368017049
p.(873handle)	0.483341661	3.33E-16	-1.956612724
p.(873I)	0.453193518	0	-3.098584022
p.(873K)	0.219692361	2.78E-17	-0.701252599
p.(873L)	0.200328525	0	-0.364729534
p.(873M)	0.158049059	0	-0.140478355
p.(873N)	0.175285585	2.78E-17	-0.130553642
p.(873P)	0.709532729	2.22E-16	-3.209472163
p.(873Q)	0.337258564	1.11E-16	-0.553368141
p.(873R)	0.168070487	4.16E-17	-0.506755907
p.(873S)	0.152546531	0	-0.771007361
p.(873T)	0.096935489	0	-1.133154016
p.(873V)	0.388313476	0	-1.237770558
p.(873W)	0.108033296	6.94E-18	0.6347338
p.(874_1AAdel)	0.816859226	1.46E-95	-6.382299144
p.(874_2AAdel)	0.816946714	1.45E-95	-6.133584652
p.(874_3AAdel)	0.816885237	1.46E-95	-6.301686798
p.(874A)	0.129884584	6.94E-18	0.379468268
p.(874C)	0.103129304	0	1.179707277
p.(874D)	0.22375911	0.000302086	-4.843321978
p.(874E)	0.098290461	9.66E-15	-2.062705989
p.(874F)	0.590581595	1.11E-16	-3.285182571
p.(874G)	0.086153952	0	-1.114471263
p.(874H)	0.304494589	5.55E-17	-2.719919428
p.(874handle)	0.473540708	0	-2.978419192
p.(874I)	0.119525675	0	1.12578464
p.(874K)	0.328129399	8.33E-17	-4.747518357
p.(874L)	0.206953613	1.39E-17	-2.234835294
p.(874M)	0.124331192	1.39E-17	-0.991109397
p.(874N)	0.860915385	4.44E-16	-6.223201104
p.(874P)	0.386432487	0	-2.668794949
p.(874Q)	0.313686172	5.55E-17	-3.935749064
p.(874R)	0.084371838	3.12E-17	-2.826798544
p.(874S)	0.35914151	5.55E-17	-0.705611751
p.(874T)	0.051404246	0	1.020770031
p.(874W)	0.046072185	0	-1.307333216
p.(874Y)	0.623575326	0	-3.031558431
p.(875_1AAdel)	0.816847457	1.46E-95	-6.421023267
p.(875_2AAdel)	0.816949049	1.44E-95	-6.12772526
p.(875_3AAdel)	0.208494126	5.83E-05	-3.495947806
p.(875A)	0.075049391	0	-0.654128582
p.(875C)	0.317757266	0	-0.823828282
p.(875D)	0.096920212	0	-0.906450048
p.(875E)	0.392265944	0	-2.763888753
p.(875F)	0.294830929	2.47E-13	-3.967873328
p.(875H)	0.17134315	4.16E-17	0.514346682
p.(875handle)	0.704106047	0	-2.649477422
p.(875I)	0.254632804	2.91E-11	-5.031367952
p.(875K)	0.360211809	1.78E-05	-5.328195791
p.(875L)	0.367328853	5.55E-17	-3.464797
p.(875M)	0.505739431	0	-1.799670355
p.(875N)	0.07809993	0	1.18833734
p.(875P)	0.198923044	1.27E-16	-4.187122881
p.(875Q)	0.143716406	0	0.272702244
p.(875R)	0.089632349	1.32E-26	-3.091046759
p.(875S)	0.10903534	6.94E-18	0.920799195
p.(875T)	0.313564604	5.55E-17	-2.313858962
p.(875V)	0.080470063	1.65E-12	-3.202854732
p.(875W)	0.285282263	0	-3.418411822
p.(875Y)	0.361723259	0	-3.186157174
p.(876_1AAdel)	0.816934709	1.45E-95	-6.164267787
p.(876_2AAdel)	0.633225352	1.16E-31	-5.526343723
p.(876_3AAdel)	0.816908277	1.45E-95	-6.235335936
p.(876A)	0.304174509	0	0.296606203
p.(876C)	0.091690466	1.73E-17	0.817854787
p.(876D)	0.168925198	0	-0.599581172
p.(876E)	0.320644346	0	-3.242272957
p.(876F)	0.141356245	0	-1.145984929
p.(876G)	0.152567872	2.78E-17	0.757604436
p.(876H)	0.28096774	0	-4.119463908
p.(876handle)	0.775282824	0	-2.956983996
p.(876I)	0.271876435	8.33E-17	-2.45170427
p.(876K)	0.183983228	1.39E-17	-2.339536043
p.(876L)	0.085389931	0	-1.154956194
p.(876M)	0.032243484	5.22E-15	0.64631941
p.(876P)	0.282760136	0	0.607164483
p.(876Q)	0.219146898	5.55E-17	-1.116049854
p.(876R)	0.266199772	8.19E-09	-4.224464363
p.(876S)	0.075285617	0	1.175561645
p.(876T)	0.079206479	0	-0.598161001
p.(876V)	0.140258662	0	-1.746430083
p.(876W)	0.31662091	1.03E-15	-4.315164122
p.(876Y)	0.258967966	0	-3.846968444
p.(877_1AAdel)	0.63309669	9.21E-12	-5.626039914
p.(877_2AAdel)	0.816939125	1.45E-95	-6.152871653
p.(877_3AAdel)	0.816937642	1.45E-95	-6.156684813
p.(877A)	0.134763138	2.83E-09	-3.133359794
p.(877C)	0.189116371	0	-2.065232613
p.(877D)	0.324957048	6.37E-20	-5.385813283
p.(877E)	0.254725768	7.00E-07	-4.849064903
p.(877G)	0.283357386	2.14E-78	-5.18191996
p.(877H)	0.259196925	2.78E-17	-0.212246986
p.(877handle)	0.733357473	0	-3.444120825
p.(877I)	0.079482504	2.57E-45	-2.496080701
p.(877K)	0.1341369	2.34E-20	-3.722184985
p.(877L)	0.103392983	6.94E-18	-0.902436651
p.(877M)	0.173406807	2.78E-17	-0.241716721
p.(877N)	0.185010925	6.63E-07	-4.184160572
p.(877P)	0.23973068	1.71E-17	-4.775925939
p.(877Q)	0.263197271	1.78E-36	-5.008840865
p.(877R)	0.59039728	0	-3.113568807
p.(877S)	0.191370958	0	-0.819561374
p.(877T)	0.219189244	0	-3.248950211
p.(877V)	0.225530258	5.55E-17	-2.386136879
p.(877W)	0.063859192	0	0.112716843
p.(877Y)	0.124289229	1.39E-17	1.748981133
p.(878_1AAdel)	0.471991722	3.14E-72	-5.362505653
p.(878_2AAdel)	0.247588176	7.97E-45	-3.80164351
p.(878_3AAdel)	0.385084687	5.55E-17	-2.83919596
p.(878A)	0.462953254	0	-3.368706728
p.(878C)	0.268783148	0	-1.984526245
p.(878D)	0.295379733	2.28E-41	-5.255425881
p.(878E)	0.049719864	0	-1.262468938
p.(878F)	0.325106316	2.86E-79	-4.948170765
p.(878G)	0.210872229	5.55E-17	-1.20361935
p.(878H)	0.778795579	6.66E-16	-4.352156433
p.(878handle)	0.553138121	3.93E-08	-4.168020164
p.(878I)	0.062968861	1.84E-14	-2.853405084
p.(878K)	0.126126383	6.94E-18	0.037490158
p.(878L)	0.273698888	5.55E-17	-3.128080715
p.(878M)	0.488963378	0	-3.236865744
p.(878N)	0.272729071	4.99E-30	-5.144471034
p.(878P)	0.295504079	1.19E-09	-5.152448461
p.(878Q)	1.118181415	0	-3.032808403
p.(878S)	0.114751914	6.94E-18	-1.233021714
p.(878T)	0.127674805	5.51E-18	-3.553550493
p.(878V)	0.37700547	0	-2.89317698
p.(878W)	0.471849971	2.60E-32	-5.895454201
p.(878Y)	0.395607576	2.38E-11	-5.185161604
p.(879_1AAdel)	0.393497678	1.73E-16	-4.497129351
p.(879_2AAdel)	0.633357375	2.14E-20	-5.29303557
p.(879_3AAdel)	0.816924095	1.45E-95	-6.192202565
p.(879A)	0.060770729	3.46E-12	-1.073401417
p.(879C)	0.113043473	0	-0.715880596
p.(879D)	0.216604447	2.89E-12	-4.292921203
p.(879E)	0.139857469	0	-2.089521167
p.(879F)	0.328432621	2.05E-05	-5.062650425
p.(879G)	0.083784154	5.20E-18	-1.734938331
p.(879H)	0.343460086	3.35E-84	-5.462910123
p.(879handle)	0.633357375	2.14E-20	-5.29303557
p.(879I)	0.030895087	2.39E-10	0.736211121
p.(879K)	0.287420887	0.000204931	-5.108920983
p.(879L)	0.044522844	8.67E-19	0.151104588
p.(879M)	0.198424647	0	-1.332146669
p.(879N)	0.327220482	2.71E-05	-4.945049505
p.(879P)	0.235587247	1.37E-11	-4.297274289
p.(879Q)	0.324915921	1.31E-42	-5.457242564
p.(879R)	0.227074766	6.10E-17	-4.784629367
p.(879S)	0.145894953	1.02E-40	-4.171541295
p.(879T)	0.331671772	1.92E-12	-4.664337511
p.(879W)	0.049146127	0	-1.308106107
p.(879Y)	0.246940155	2.26E-10	-4.659538775
p.(880_1AAdel)	0.464694097	0	-4.340897619
p.(880_2AAdel)	0.816894906	1.45E-95	-6.273304258
p.(880_3AAdel)	0.816842321	1.46E-95	-6.438402416
p.(880A)	0.089911176	0	-1.185947425
p.(880C)	0.070940802	3.47E-18	0.459728536
p.(880D)	0.189173299	4.16E-17	-3.189910742
p.(880E)	0.295632509	3.90E-17	-4.821072765
p.(880F)	0.097487332	8.67E-18	-3.067793158
p.(880G)	0.424009122	1.11E-16	-3.05931476
p.(880H)	0.324949298	2.19E-18	-5.345250123
p.(880handle)	0.81707589	1.42E-95	-5.852050471
p.(880I)	0.108314498	0	1.192280121
p.(880K)	0.196784223	0	-2.248885438
p.(880L)	0.116039351	1.39E-17	-0.919515137
p.(880M)	0.197225903	0	0.249331903
p.(880N)	0.250880302	1.75E-13	-4.332390575
p.(880P)	0.211570622	2.11E-15	-4.48623406
p.(880Q)	0.414017667	0	-3.727106439
p.(880R)	0.328192746	5.55E-17	-4.74460675
p.(880S)	0.401327904	1.11E-16	-2.832422399
p.(880T)	0.14661871	0	0.180012744
p.(880W)	0.237625811	0	-2.900565132
p.(880Y)	0.765067586	2.22E-16	-5.769847001
p.(881_1AAdel)	0.734653242	2.99E-10	-5.61998238
p.(881_2AAdel)	0.816970494	1.44E-95	-6.075452054
p.(881_3AAdel)	0.816872473	1.46E-95	-6.340432564
p.(881A)	0.265518651	2.78E-17	-0.960029275
p.(881C)	0.103663996	0	0.507601468
p.(881D)	0.096459722	0	-1.185354946
p.(881E)	0.272691596	2.62E-44	-5.145803763
p.(881F)	0.425311485	0.00101197	-5.875060532
p.(881G)	0.185000943	1.01E-06	-4.222505137
p.(881H)	0.310024336	2.78E-17	-4.22260945
p.(881handle)	0.817060078	1.43E-95	-5.882548387
p.(881I)	0.313176658	0	-2.004333967
p.(881K)	0.142350741	0	-2.73987366
p.(881L)	0.220964747	0	-1.572461789
p.(881M)	0.615358208	2.22E-16	-4.096853895
p.(881P)	0.024695059	1.97E-06	0.414396296
p.(881Q)	0.295442849	1.20E-09	-5.301251072
p.(881R)	0.216685031	3.31E-16	-4.214357734
p.(881S)	0.242930326	2.78E-17	-0.902143624
p.(881T)	0.041747124	8.67E-19	-1.231494199
p.(881V)	0.107908925	0	-0.281830152
p.(881W)	0.325123199	1.22E-42	-4.975880987
p.(881Y)	0.192485329	0	-2.513766874
p.(882_1AAdel)	0.472126595	2.48E-17	-5.295948169
p.(882_2AAdel)	0.81691082	1.45E-95	-6.228275006
p.(882_3AAdel)	0.816782958	1.47E-95	-6.664842753
p.(882A)	0.05140343	0	-1.343885092
p.(882C)	0.076287206	8.67E-18	-1.440040993
p.(882D)	0.392686024	2.73E-11	-5.690290366
p.(882E)	0.471758973	2.83E-21	-6.177079657
p.(882F)	0.332499051	5.55E-17	-1.629549615
p.(882G)	0.114884208	2.49E-17	-3.323245744
p.(882H)	0.096079701	0	0.189661195
p.(882handle)	0.817012552	1.43E-95	-5.980245067
p.(882I)	0.254594104	4.02E-72	-4.911351039
p.(882K)	0.563739866	0	-1.773472378
p.(882L)	0.216759971	8.33E-17	-2.433523948
p.(882M)	0.470238793	3.33E-16	-2.598233919
p.(882N)	0.334912676	0	-4.552363748
p.(882P)	0.063240577	7.46E-12	-2.703515046
p.(882Q)	0.096705312	4.87E-40	-2.977196299
p.(882S)	0.188141816	0	-2.172163969
p.(882T)	0.412463086	0	-3.293587782
p.(882V)	0.436215609	2.70E-08	-4.301696861
p.(882W)	0.408191925	1.11E-16	-0.420708542
p.(882Y)	0.139919679	0	0.438101381
p.(883_1AAdel)	0.633178518	1.17E-31	-5.596956459
p.(883_2AAdel)	0.816969627	1.44E-95	-6.07751391
p.(883_3AAdel)	0.816833351	1.46E-95	-6.469500328
p.(883A)	0.266737027	5.55E-17	-3.47793341
p.(883C)	0.272807318	1.81E-22	-5.022230518
p.(883D)	0.187426151	3.82E-15	-3.231373563
p.(883E)	0.595078347	1.35E-13	-5.806214156
p.(883F)	0.254833461	1.07E-06	-4.686855335
p.(883G)	0.263076077	3.31E-76	-5.294685767
p.(883handle)	0.816974	1.44E-95	-6.067161851
p.(883I)	0.054975626	0	-1.381896977
p.(883K)	0.246897704	7.61E-15	-4.773173884
p.(883L)	0.093576952	3.05E-24	-3.178483112
p.(883M)	0.660882355	1.11E-08	-6.166446573
p.(883N)	0.059652114	1.69E-31	-2.202228124
p.(883P)	0.137626071	6.15E-36	-3.9938871
p.(883Q)	0.131357217	0	-2.81154223
p.(883R)	0.049991817	5.42E-17	-1.738363981
p.(883S)	0.115588149	1.04E-14	-3.171268259
p.(883T)	0.144571978	6.97E-08	-3.855185339
p.(883V)	0.263019778	1.10E-23	-5.534701429
p.(883W)	0.325032896	1.88E-24	-5.183028896
p.(883Y)	0.039397707	1.17E-15	-1.269896018
p.(884_1AAdel)	0.816924784	1.45E-95	-6.190364329
p.(884_2AAdel)	0.816844013	1.46E-95	-6.432642861
p.(884_3AAdel)	0.63305297	9.26E-12	-5.709943486
p.(884A)	0.591192697	0	-2.786082803
p.(884C)	0.16481895	4.16E-17	-1.56743957
p.(884D)	0.530537917	0	-4.780705579
p.(884E)	0.463642306	0	-3.724543833
p.(884F)	0.040072175	9.48E-29	-1.432538472
p.(884G)	0.282278917	1.39E-16	-3.259335914
p.(884H)	0.138056792	1.67E-16	-2.982788544
p.(884handle)	0.816997302	1.44E-95	-6.013730339
p.(884I)	0.176404629	1.39E-17	-1.025069516
p.(884K)	0.111830921	0	-0.386017313
p.(884M)	0.152503808	0	0.558186662
p.(884N)	0.036444953	2.57E-50	-0.753851834
p.(884P)	0.044265806	2.16E-10	-1.110067254
p.(884Q)	0.215606557	2.78E-17	-0.447096102
p.(884R)	0.151454582	0	-0.631072152
p.(884S)	0.251518015	2.78E-17	-1.778098547
p.(884T)	0.317530066	1.11E-16	-1.105143479
p.(884V)	0.093022675	6.87E-12	-2.296642781
p.(884W)	0.437441553	5.55E-17	-4.361648906
p.(884Y)	0.187563646	0	-2.172048566
p.(885_1AAdel)	0.816878732	1.46E-95	-6.321247324
p.(885_2AAdel)	0.816898453	1.45E-95	-6.263091403
p.(885_3AAdel)	0.816828304	1.47E-95	-6.487431843
p.(885C)	0.233930552	8.71E-10	-4.580073178
p.(885D)	0.103305807	2.15E-13	-2.677870078
p.(885E)	0.189602765	2.72E-07	-3.90175149
p.(885F)	0.377456076	0	-3.460200195
p.(885G)	0.239116614	5.55E-17	-1.782559163
p.(885H)	0.246637343	8.37E-14	-5.307826463
p.(885handle)	0.817161119	1.41E-95	-5.701977487
p.(885I)	0.221904865	4.09E-06	-4.428130486
p.(885K)	0.449162813	7.19E-13	-4.453781458
p.(885L)	0.055728394	1.73E-18	-1.444558814
p.(885M)	0.518908686	3.22E-15	-5.350439619
p.(885N)	0.816674418	1.49E-95	-7.289589739
p.(885P)	0.11132592	9.36E-20	-3.441818475
p.(885Q)	0.324852341	3.11E-79	-5.599169054
p.(885R)	0.216450668	4.90E-14	-4.523118008
p.(885S)	0.09629349	0	-1.42858566
p.(885T)	0.06108479	8.67E-19	-1.126064645
p.(885V)	0.062919422	3.47E-18	-1.579837557
p.(885W)	0.272782265	2.57E-23	-4.910363142
p.(885Y)	0.126677075	2.78E-17	-2.239600308
p.(886_1AAdel)	0.472155918	3.13E-32	-5.276525838
p.(886_2AAdel)	0.123053202	3.69E-05	-2.363518681
p.(886_3AAdel)	0.270583097	6.46E-06	-4.288628732
p.(886A)	0.124068342	1.39E-17	-0.800041436
p.(886C)	0.234306016	2.78E-17	0.401763384
p.(886D)	0.063213768	0	0.557070965
p.(886E)	0.360860448	0	-0.40575314
p.(886F)	0.324859977	2.26E-18	-5.628250087
p.(886G)	0.067778117	0	0.1875598
p.(886H)	0.236926787	0	-0.273975593
p.(886handle)	0.817284525	1.39E-95	-5.518155554
p.(886I)	0.160651768	4.16E-17	-1.431076136
p.(886K)	0.164559884	1.39E-17	0.067112553
p.(886L)	0.088856735	0	-1.27679934
p.(886M)	0.401402873	0	-0.914126869
p.(886N)	0.127810053	0	0.81086481
p.(886P)	0.127563644	3.93E-24	-3.724261946
p.(886Q)	0.357444582	0	-0.005871441
p.(886R)	0.410259324	5.55E-17	-0.952800178
p.(886S)	0.085959148	0	0.753905763
p.(886V)	0.046073717	1.73E-18	-0.208482404
p.(886W)	0.343493381	1.95E-40	-5.35819739
p.(886Y)	0.185366577	5.21E-05	-4.676316037
p.(887_1AAdel)	0.633096841	2.22E-20	-5.679810841
p.(887_2AAdel)	0.816957034	1.44E-95	-6.107942221
p.(887_3AAdel)	0.816928974	1.45E-95	-6.179263382
p.(887A)	0.156590181	0	1.277898878
p.(887C)	0.084906499	1.39E-17	1.401725815
p.(887D)	0.099935933	1.73E-17	1.89599435
p.(887E)	0.14195771	1.39E-17	1.855296228
p.(887F)	0.083563193	6.94E-18	1.340691335
p.(887G)	0.115687404	0	1.320500033
p.(887handle)	0.817113749	1.42E-95	-5.782596663
p.(887I)	0.10823109	0	-0.617749734
p.(887K)	0.167177183	0	1.532052497
p.(887L)	0.141616824	2.78E-17	0.73623405
p.(887M)	0.074912193	0	1.495747073
p.(887N)	0.084553749	0	1.444269726
p.(887P)	0.120667203	1.39E-17	1.788233945
p.(887Q)	0.133675618	0	1.388641652
p.(887R)	0.047844404	0	1.38070721
p.(887S)	0.061530124	1.73E-18	1.19342016
p.(887T)	0.147837571	0	1.331636138
p.(887V)	0.0912711	0	1.57306184
p.(887W)	0.202724639	0	1.058495059
p.(887Y)	0.127823111	0	1.027861542
p.(888_1AAdel)	0.172086101	1.12E-10	-2.74728005
p.(888_2AAdel)	0.633221421	2.18E-20	-5.476228895
p.(888_3AAdel)	0.817028877	1.43E-95	-5.94559957
p.(888A)	0.046598953	0	0.937427571
p.(888C)	0.092938289	0	0.82123265
p.(888D)	0.12639556	0	1.194338225
p.(888E)	0.120260221	0	1.346762974
p.(888F)	0.08687168	3.47E-18	1.163449207
p.(888G)	0.207883264	2.78E-17	0.588478337
p.(888H)	0.171194252	2.78E-17	1.084523316
p.(888handle)	0.817204311	1.40E-95	-5.633733959
p.(888I)	0.07724731	0	0.838481249
p.(888K)	0.082569069	6.94E-18	1.430045309
p.(888L)	0.108037811	1.39E-17	1.200304466
p.(888M)	0.103889707	6.94E-18	-0.614504567
p.(888P)	0.35062894	1.67E-16	-2.02046231
p.(888Q)	0.097528082	0	1.598087615
p.(888R)	0.109410605	6.94E-18	1.260839922
p.(888S)	0.054061869	0	1.033864929
p.(888T)	0.126198075	6.94E-18	1.20174492
p.(888V)	0.072435917	3.47E-18	1.294748191
p.(888W)	0.030694311	0	1.038477864
p.(888Y)	0.148757071	0	0.956110116
p.(889_1AAdel)	0.100811594	0	-0.904539954
p.(889_2AAdel)	0.633178518	1.17E-31	-5.596956459
p.(889_3AAdel)	0.816886347	1.46E-95	-6.298389186
p.(889A)	0.162190917	3.79E-07	-4.172890029
p.(889C)	0.470995136	1.46E-05	-5.723031209
p.(889E)	0.119845206	0	-2.19128192
p.(889F)	0.408863812	4.13E-10	-4.889798564
p.(889G)	0.046421104	1.77E-22	-1.56457614
p.(889H)	0.162728801	2.42E-09	-3.682539133
p.(889handle)	0.816936904	1.45E-95	-6.158585954
p.(889I)	0.296003611	0	-4.179004267
p.(889K)	0.375745615	0	-4.253018299
p.(889L)	0.100797134	1.16E-11	-2.720615483
p.(889M)	0.332067702	0	-3.648190101
p.(889N)	0.085833142	0	-0.928961649
p.(889P)	0.387199762	0	-3.982405949
p.(889Q)	0.263326276	2.45E-16	-4.814627452
p.(889R)	0.283403572	4.60E-56	-5.101300894
p.(889S)	0.207281864	2.56E-07	-4.066031753
p.(889T)	0.06142377	6.94E-18	-1.370701387
p.(889V)	0.067215726	5.34E-27	-1.895465822
p.(889W)	0.534983217	3.48E-07	-6.164022553
p.(889Y)	0.111383886	0	-3.044181414
p.(890_1AAdel)	0.816852325	1.46E-95	-6.404822619
p.(890_2AAdel)	0.816956221	1.44E-95	-6.10993823
p.(890_3AAdel)	0.816924095	1.45E-95	-6.192202565
p.(890A)	0.362099097	8.33E-17	-3.952026451
p.(890C)	0.054331346	3.70E-49	-2.394009654
p.(890D)	0.392726622	1.64E-32	-5.665325313
p.(890E)	0.283661845	5.31E-46	-4.641148683
p.(890F)	0.172366185	0	0.128606231
p.(890G)	0.062154169	0	-1.411205184
p.(890H)	0.139678603	0	-1.667154683
p.(890handle)	0.817168543	1.41E-95	-5.689910975
p.(890I)	0.057905605	0	-0.602537252
p.(890K)	0.285494077	0	-1.591282595
p.(890L)	0.177686249	0	-0.87135843
p.(890M)	0.304757743	5.55E-17	-1.316300517
p.(890N)	0.426995712	2.32E-14	-5.544344254
p.(890P)	0.195850038	1.03E-05	-3.989192334
p.(890Q)	0.373650632	1.67E-16	-2.814609492
p.(890R)	0.171202209	0	-0.148473136
p.(890S)	0.121200594	3.11E-08	-3.077883393
p.(890T)	0.363075622	0	-3.640947689
p.(890V)	0.239849274	2.78E-17	-1.341025821
p.(890Y)	0.154781077	1.39E-17	0.319215373
p.(891_1AAdel)	0.816884135	1.46E-95	-6.304973571
p.(891_2AAdel)	0.816880334	1.46E-95	-6.316392945
p.(891_3AAdel)	0.816800187	1.47E-95	-6.59368055
p.(891C)	0.09770856	0	1.344724075
p.(891D)	0.128027301	0	1.604771206
p.(891E)	0.058296236	1.73E-18	1.46617358
p.(891F)	0.218694508	0	-0.006442405
p.(891G)	0.192592047	0	0.009027277
p.(891H)	0.046974981	8.67E-19	1.2305431
p.(891handle)	0.817274083	1.39E-95	-5.532467069
p.(891I)	0.123249193	2.78E-17	1.214785306
p.(891K)	0.161896557	1.39E-17	1.050959559
p.(891L)	0.024126534	4.76E-07	1.422332398
p.(891M)	0.127433768	0	1.489152415
p.(891N)	0.156488658	2.78E-17	1.477535256
p.(891P)	0.134907804	2.38E-11	-2.885739127
p.(891Q)	0.069497737	0	-0.436313632
p.(891R)	0.104001363	1.73E-17	1.242432551
p.(891S)	0.035552924	0	0.910402485
p.(891T)	0.088505947	0	1.144131366
p.(891V)	0.144620565	6.94E-18	0.998552242
p.(891W)	0.236159945	5.55E-17	-1.560780525
p.(891Y)	0.324106795	1.67E-16	0.330976264
p.(892_1AAdel)	0.81697224	1.44E-95	-6.071315543
p.(892_2AAdel)	0.860915385	6.66E-16	-5.048755769
p.(892_3AAdel)	0.633001127	1.20E-31	-5.921404554
p.(892A)	0.029490205	1.46E-10	0.723726706
p.(892C)	0.16416462	2.78E-17	0.466596848
p.(892D)	0.215042127	0	-1.293737938
p.(892E)	0.161430262	0	-0.621015391
p.(892F)	0.222970137	0	-1.557110662
p.(892G)	0.241116101	0	-0.847793808
p.(892H)	0.101235003	0	1.30689079
p.(892handle)	0.817219362	1.40E-95	-5.611005708
p.(892I)	0.254004717	2.78E-17	-3.232266154
p.(892K)	0.092089507	0	0.262344244
p.(892L)	0.629178873	0	-2.906436455
p.(892M)	0.476528451	1.11E-16	-0.744198719
p.(892P)	0.071278047	3.03E-06	-2.716822246
p.(892Q)	0.13442424	0	0.614026944
p.(892R)	0.032070898	8.37E-14	0.916517601
p.(892S)	0.214602353	5.55E-17	0.668817882
p.(892T)	0.076848729	3.47E-18	-1.10072614
p.(892V)	0.447314471	0.004081104	-4.801573927
p.(892W)	0.438469966	0	-3.083075939
p.(892Y)	0.219484212	0	-1.007037137
p.(893_1AAdel)	0.6331529	9.14E-12	-5.527571432
p.(893_2AAdel)	0.816945173	1.45E-95	-6.137471926
p.(893_3AAdel)	0.816810458	1.47E-95	-6.553549773
p.(893A)	0.174745677	0	-0.151091371
p.(893C)	0.035444882	8.67E-19	0.710285434
p.(893D)	0.413274696	4.75E-07	-4.930032686
p.(893E)	0.475385381	1.75E-14	-5.36363213
p.(893F)	0.144518545	0	-1.269617638
p.(893G)	0.098741069	4.38E-05	-3.009084542
p.(893H)	0.173590478	0	-2.15718391
p.(893handle)	0.817198065	1.40E-95	-5.643318697
p.(893I)	0.19748309	0	0.55819068
p.(893K)	0.177335234	0	0.197723339
p.(893M)	0.176415897	0	0.966090146
p.(893N)	0.163373813	2.58E-06	-3.7334851
p.(893P)	0.031335939	7.54E-12	-1.247384191
p.(893Q)	0.218578352	0	-2.626675217
p.(893R)	0.192069799	0	-1.25074891
p.(893S)	0.1566792	0	-1.16769614
p.(893T)	0.20400565	0	-2.249229393
p.(893V)	0.137074429	0	1.126061846
p.(893W)	0.139070076	6.52E-25	-3.725852081
p.(893Y)	0.111798046	6.94E-18	-1.71975164
p.(894_1AAdel)	0.058300466	5.45E-09	0.56544498
p.(894_2AAdel)	0.816966193	1.44E-95	-6.085719084
p.(894_3AAdel)	0.345586205	1.78E-32	-3.609726315
p.(894A)	0.159941876	0	-0.770723607
p.(894C)	0.318549831	5.55E-17	-0.801889621
p.(894D)	0.112372687	7.29E-05	-2.867670259
p.(894E)	0.333500706	1.11E-16	-3.443968083
p.(894F)	0.076447079	3.47E-18	-1.09539997
p.(894G)	0.18774477	2.78E-17	-3.02598089
p.(894H)	0.122547425	1.39E-17	-1.624749032
p.(894handle)	0.817183946	1.40E-95	-5.665332165
p.(894I)	0.083287052	1.04E-17	1.377279139
p.(894K)	0.367451583	0	-2.153432895
p.(894L)	0.107810109	0	-0.340715274
p.(894M)	0.181021282	0	-1.001156836
p.(894N)	0.148229397	5.16E-54	-3.276102509
p.(894P)	0.232765919	8.82E-05	-4.121721885
p.(894Q)	0.23272868	0	-1.909500182
p.(894R)	0.1928561	2.78E-17	-3.182249912
p.(894S)	0.491458604	2.22E-16	-3.889264971
p.(894T)	0.539569859	0	-3.148938936
p.(894W)	0.283320454	0	-1.333825624
p.(894Y)	0.092387873	6.94E-18	0.197593827
p.(895_1AAdel)	0.816917338	1.45E-95	-6.210401429
p.(895_2AAdel)	0.817422991	1.36E-95	-5.345516697
p.(895_3AAdel)	0.816725184	1.48E-95	-6.948940849
p.(895A)	0.233220467	1.67E-30	-4.678332118
p.(895C)	0.081047777	6.78E-08	-2.86744722
p.(895D)	0.309066908	9.31E-71	-5.436381961
p.(895E)	0.246813719	1.85E-41	-4.820120594
p.(895F)	0.205297672	0	-1.00654014
p.(895G)	0.058446846	0	-1.037606356
p.(895H)	0.247592338	1.57E-05	-4.114104165
p.(895handle)	0.817230543	1.40E-95	-5.594449039
p.(895I)	0.309147036	3.65E-42	-5.203214537
p.(895K)	0.365593283	1.76E-49	-5.631235605
p.(895L)	0.065404249	0	-1.882041183
p.(895M)	0.190349719	0.000150289	-3.984031909
p.(895N)	0.392758885	1.14E-30	-5.541348672
p.(895P)	0.28339857	8.88E-09	-5.202844266
p.(895Q)	0.239816586	1.74E-06	-4.803316088
p.(895R)	0.054138001	2.60E-17	-1.154157639
p.(895S)	0.158174023	4.73E-07	-3.616562925
p.(895T)	0.263340826	2.44E-16	-4.787820277
p.(895V)	0.162048597	3.66E-09	-4.169162656
p.(895Y)	0.255008317	5.55E-17	-0.215127896
p.(896_1AAdel)	0.816867934	1.46E-95	-6.354583744
p.(896_2AAdel)	0.816908909	1.45E-95	-6.233575372
p.(896_3AAdel)	0.816793	1.47E-95	-6.622755887
p.(896A)	0.165079789	1.39E-17	-1.06881662
p.(896C)	0.476809692	2.22E-16	-1.574188272
p.(896D)	0.129192842	3.47E-17	0.23278029
p.(896F)	0.221468854	2.32E-15	-3.584249941
p.(896G)	0.073791624	0	-1.334404247
p.(896H)	0.289231383	0	-0.848214974
p.(896handle)	0.817258964	1.39E-95	-5.553557481
p.(896I)	0.315058598	2.44E-13	-3.827194907
p.(896K)	0.060136386	3.47E-18	-1.163773231
p.(896L)	0.26136349	4.75E-15	-3.928913996
p.(896M)	0.207289566	0	-3.022537117
p.(896N)	0.15313256	3.70E-05	-3.729875
p.(896P)	0.157705305	0.000273692	-3.902935712
p.(896Q)	0.249270008	0	0.544932997
p.(896R)	0.02603224	8.22E-09	-0.990821742
p.(896S)	0.08969912	0	-0.60562483
p.(896T)	0.194364301	6.94E-17	-0.111699219
p.(896V)	0.352759731	5.55E-17	-1.170838626
p.(896W)	0.28387848	7.24E-08	-4.392981873
p.(896Y)	0.283484333	1.13E-25	-4.947053943
p.(897_1AAdel)	0.816778242	1.47E-95	-6.68524006
p.(897_2AAdel)	0.816911461	1.45E-95	-6.226501956
p.(897_3AAdel)	0.816795349	1.47E-95	-6.613157733
p.(897A)	0.152066004	1.39E-17	-1.071767624
p.(897C)	0.102665447	0	1.126986972
p.(897E)	0.259145925	0	0.211583522
p.(897F)	0.426801238	9.59E-38	-5.968911263
p.(897G)	0.057424272	2.95E-17	-1.273091667
p.(897H)	0.31468801	1.11E-16	-2.719280216
p.(897handle)	0.817128154	1.41E-95	-5.757385244
p.(897I)	0.184861588	1.58E-31	-4.44944196
p.(897K)	0.420953018	1.11E-16	-3.166211734
p.(897L)	0.444404854	1.11E-16	-3.550511546
p.(897M)	0.251264558	2.78E-17	-2.653221968
p.(897N)	0.161456837	0	0.83296145
p.(897P)	0.375753626	5.33E-12	-4.623448503
p.(897Q)	0.064966227	0	-0.595523225
p.(897R)	0.060138396	4.69E-16	-1.922364495
p.(897S)	0.169601337	1.39E-17	1.013744242
p.(897T)	0.061802902	0	-1.247587594
p.(897V)	0.193010981	0	-2.048226823
p.(897W)	0.47185217	4.45E-08	-5.85248504
p.(897Y)	0.137409081	0	-3.001874963
p.(898_1AAdel)	0.535448335	3.32E-07	-5.300389404
p.(898_2AAdel)	0.817202215	1.40E-95	-5.63693909
p.(898_3AAdel)	0.816742129	1.48E-95	-6.856942714
p.(898A)	0.048982642	1.73E-18	-0.184308759
p.(898C)	0.151554823	0	1.080839518
p.(898D)	0.099481375	3.47E-18	0.260775809
p.(898E)	0.063216935	0	1.187159174
p.(898F)	0.1583625	1.39E-17	1.159333358
p.(898G)	0.035321195	0	0.770274684
p.(898H)	0.16696898	0	0.92078846
p.(898handle)	0.817204311	1.40E-95	-5.633733959
p.(898I)	0.169071153	0	0.505666143
p.(898K)	0.068257378	5.20E-18	1.100609256
p.(898L)	0.150788418	0	0.070038738
p.(898M)	0.063347899	0	1.378452467
p.(898N)	0.094591433	3.47E-18	0.340406899
p.(898P)	0.108024341	6.94E-18	1.358978644
p.(898Q)	0.043343143	1.73E-18	0.709352348
p.(898R)	0.090826152	6.94E-18	0.648042787
p.(898T)	0.076303155	0	1.0139612
p.(898V)	0.07112005	0	1.16603735
p.(898W)	0.13174291	4.16E-17	1.405158894
p.(898Y)	0.072517913	0	1.425217892
p.(899_1AAdel)	0.816855967	1.46E-95	-6.392873261
p.(899_2AAdel)	0.816853227	1.46E-95	-6.401848639
p.(899_3AAdel)	0.816775703	1.47E-95	-6.696394666
p.(899A)	0.046107152	0	1.290976879
p.(899C)	0.0765052	3.47E-18	1.185944343
p.(899D)	0.121187054	0	-0.175183757
p.(899E)	0.266909357	0	-0.155178655
p.(899F)	0.217100345	5.55E-17	-0.264292857
p.(899G)	0.149968273	0	1.322626215
p.(899H)	0.042448326	0	1.148087435
p.(899handle)	0.817157473	1.41E-95	-5.707956578
p.(899I)	0.105740771	1.39E-17	0.298820832
p.(899K)	0.107404299	0	1.275838204
p.(899L)	0.108523846	0	-1.058697381
p.(899M)	0.042036225	0	1.39139463
p.(899N)	0.032017193	4.34E-19	1.751560059
p.(899P)	0.058010477	0	-1.122235938
p.(899Q)	0.13073867	0	1.524494216
p.(899R)	0.072668417	3.47E-18	1.618573223
p.(899T)	0.172259667	0	1.339896524
p.(899V)	0.117619486	1.39E-17	0.803459569
p.(899W)	0.32537939	1.11E-16	-1.08210966
p.(899Y)	0.099457184	0	-0.080683454
p.(900_1AAdel)	0.816846156	1.46E-95	-6.425396452
p.(900_2AAdel)	0.816892581	1.45E-95	-6.280055339
p.(900_3AAdel)	0.816779014	1.47E-95	-6.681869271
p.(900A)	0.06934842	0	-1.30567299
p.(900C)	0.115293821	0	-1.753663436
p.(900D)	0.632684382	2.36E-20	-7.055214201
p.(900E)	0.309149739	5.28E-29	-5.28673024
p.(900F)	0.471756391	2.64E-17	-6.236486934
p.(900G)	0.149287735	1.02E-81	-3.825056582
p.(900H)	0.051967143	3.79E-08	-1.631869264
p.(900handle)	0.817232824	1.40E-95	-5.591104554
p.(900I)	0.227131801	3.60E-41	-4.647601646
p.(900K)	0.39263731	5.81E-38	-5.736356117
p.(900L)	0.134008613	0	-3.160760879
p.(900M)	0.392584054	8.16E-69	-5.949258011
p.(900N)	0.365724767	1.46E-09	-4.29176012
p.(900P)	0.074412557	0	-1.952877736
p.(900Q)	0.162427964	9.45E-17	-3.654988521
p.(900S)	0.076568647	1.77E-13	-2.88018702
p.(900T)	0.175087945	1.57E-15	-3.411213006
p.(900V)	0.227111703	5.45E-20	-4.829909221
p.(900W)	0.426925608	1.98E-11	-5.73565413
p.(900Y)	0.263351798	1.65E-16	-4.789650549
p.(901_1AAdel)	0.816844867	1.46E-95	-6.429750596
p.(901_2AAdel)	0.816900858	1.45E-95	-6.256224424
p.(901_3AAdel)	0.816817315	1.47E-95	-6.527624795
p.(901A)	0.097267303	3.46E-33	-3.309610976
p.(901C)	0.636370314	4.44E-16	-5.410514752
p.(901E)	0.094001433	1.63E-06	-2.957724893
p.(901F)	0.263379325	6.58E-17	-4.781813507
p.(901G)	0.123045822	2.08E-17	-1.916739688
p.(901H)	0.159907054	5.48E-42	-4.236651068
p.(901handle)	0.817462059	1.36E-95	-5.301746034
p.(901I)	0.233154911	7.93E-30	-4.775726898
p.(901K)	0.518908686	3.22E-15	-5.66982246
p.(901L)	0.030282912	3.67E-08	-1.18873661
p.(901M)	0.36558804	1.76E-49	-5.647674573
p.(901N)	0.072556247	0	-1.158352083
p.(901P)	0.180242241	0.000289193	-4.171113336
p.(901Q)	0.255059384	1.13E-05	-4.931029258
p.(901R)	0.080907545	0	-2.41099169
p.(901S)	0.132569883	2.11E-08	-4.478476998
p.(901T)	0.068650305	0	-1.3556324
p.(901V)	0.05429166	2.54E-09	-1.752356476
p.(901W)	0.660882355	1.11E-08	-6.096842654
p.(901Y)	0.081523328	2.28E-05	-3.312375459
p.(902_1AAdel)	0.816803309	1.47E-95	-6.581311808
p.(902_2AAdel)	0.81697224	1.44E-95	-6.071315543
p.(902_3AAdel)	0.816812818	1.47E-95	-6.544552283
p.(902A)	0.033636199	1.04E-10	-1.172144971
p.(902C)	0.068815783	0	-1.365352997
p.(902D)	0.272755483	7.89E-12	-5.137804225
p.(902E)	0.895134127	0	-4.435201538
p.(902F)	0.067359555	2.29E-08	-3.074645134
p.(902G)	0.143351817	9.02E-08	-3.619208882
p.(902H)	0.382818111	1.08E-12	-4.954993927
p.(902handle)	0.817237433	1.40E-95	-5.58438184
p.(902I)	0.171727911	0	1.047926664
p.(902K)	0.471842391	3.24E-32	-5.946427553
p.(902M)	0.266058295	5.55E-17	-2.603554459
p.(902N)	0.324838236	1.48E-38	-5.646301602
p.(902P)	0.147671301	0.00010802	-3.975806673
p.(902Q)	0.378098476	1.14E-13	-5.12079673
p.(902R)	0.156119656	3.75E-37	-4.048339401
p.(902S)	0.043022241	4.10E-06	-1.416495474
p.(902T)	0.262478631	0	-3.373490962
p.(902V)	0.27075683	5.55E-17	-0.732307359
p.(902W)	0.13778962	1.56E-14	-3.75379869
p.(902Y)	0.295373657	1.18E-27	-5.437960629
p.(903_1AAdel)	0.81689316	1.45E-95	-6.278371837
p.(903_2AAdel)	0.816894322	1.45E-95	-6.274996306
p.(903_3AAdel)	0.632954887	9.39E-12	-5.928528258
p.(903A)	0.073972187	0	-2.245091032
p.(903C)	0.238747656	8.33E-17	-2.119688337
p.(903D)	0.263231685	6.59E-17	-5.079611543
p.(903E)	0.216394969	1.11E-10	-4.535614899
p.(903F)	0.044047036	4.50E-14	-1.685486751
p.(903G)	0.198878901	5.42E-33	-4.337227053
p.(903H)	0.124034881	1.59E-13	-2.578461706
p.(903handle)	0.817266444	1.39E-95	-5.543067875
p.(903I)	0.173377621	2.78E-17	-0.875917467
p.(903K)	0.216339397	3.16E-48	-4.687233673
p.(903M)	0.029727233	3.76E-21	0.005352625
p.(903N)	0.445080966	7.24E-08	-4.912884473
p.(903P)	0.083772277	0	-1.533009333
p.(903Q)	0.238178667	9.38E-05	-4.327321687
p.(903R)	0.04155373	1.30E-18	-1.443021069
p.(903S)	0.070018921	0	-1.368123997
p.(903T)	0.184898682	1.85E-29	-4.394476219
p.(903V)	0.103547012	0	-1.476058079
p.(903W)	0.426902548	1.99E-11	-5.796598636
p.(903Y)	0.569472891	2.57E-11	-5.235328478
p.(904_1AAdel)	0.53524618	9.86E-37	-5.305298327
p.(904_2AAdel)	0.817018947	1.43E-95	-5.966530567
p.(904_3AAdel)	0.816847022	1.46E-95	-6.422483122
p.(904A)	0.090383455	6.94E-18	-0.972885593
p.(904C)	0.26145951	0	-0.746967457
p.(904D)	0.365551766	5.65E-27	-5.761588904
p.(904E)	0.097969771	7.79E-60	-3.020846503
p.(904F)	0.105514283	2.34E-24	-3.064174298
p.(904G)	0.175520345	0.00042161	-4.0336624
p.(904H)	0.324894058	1.45E-38	-5.451392614
p.(904handle)	0.817274083	1.39E-95	-5.532467069
p.(904I)	0.046066865	8.67E-19	-0.590085908
p.(904K)	0.246838996	2.29E-14	-4.79505574
p.(904L)	0.071382578	8.84E-06	-2.664949909
p.(904M)	0.471844733	2.60E-32	-5.911318887
p.(904N)	0.324895844	1.32E-42	-5.518973789
p.(904P)	0.518908686	3.00E-15	-5.543945838
p.(904Q)	0.28338755	5.54E-46	-5.17718029
p.(904R)	0.083631463	0	-2.405638434
p.(904S)	0.131314259	1.18E-16	-3.19535952
p.(904T)	0.268256263	3.43E-08	-4.200397141
p.(904W)	0.429636097	0.000144957	-5.705727713
p.(904Y)	0.074877252	3.47E-18	-1.386474819
p.(905_1AAdel)	0.427278921	1.88E-11	-5.090538929
p.(905_2AAdel)	0.633141823	1.18E-31	-5.655986202
p.(905_3AAdel)	0.633384852	2.13E-20	-5.259759492
p.(905A)	0.051317384	8.67E-19	1.130022692
p.(905C)	0.199815177	0	0.063305666
p.(905D)	0.344605063	3.11E-06	-5.339176548
p.(905E)	0.227141403	2.16E-50	-4.697613219
p.(905F)	0.265208636	3.21E-15	-4.299003601
p.(905G)	0.164147257	3.43E-08	-4.188778702
p.(905H)	0.078679919	6.94E-18	-1.397404526
p.(905handle)	0.816989572	1.44E-95	-6.031141007
p.(905I)	0.046578051	0	-1.561016656
p.(905K)	0.28341746	1.07E-25	-5.087741711
p.(905L)	0.105592058	0	-1.854596811
p.(905M)	0.609832597	2.22E-16	-3.185600405
p.(905N)	0.292206818	2.78E-17	-4.30822112
p.(905P)	0.084719603	0	-1.196603649
p.(905Q)	0.182193782	3.15E-09	-3.694238449
p.(905R)	0.810276858	0	-4.124965315
p.(905T)	0.239351562	2.78E-17	-0.532030842
p.(905V)	0.47092763	2.22E-16	-3.861202245
p.(905W)	0.333341308	5.29E-07	-5.002587311
p.(905Y)	0.198098646	2.78E-17	-3.837533008
p.(906_1AAdel)	0.20147806	3.89E-11	-3.084303505
p.(906_2AAdel)	0.817066549	1.42E-95	-5.869953762
p.(906_3AAdel)	0.816845725	1.46E-95	-6.426849941
p.(906A)	0.042307848	0	1.556990915
p.(906C)	0.206885449	0	1.136306125
p.(906D)	0.385985668	1.67E-16	-0.886941295
p.(906E)	0.085500795	0	1.374105622
p.(906F)	0.113329194	6.94E-18	-0.457198261
p.(906G)	0.214496715	0	1.067801473
p.(906H)	0.123463903	0	1.161873532
p.(906handle)	0.816879799	1.46E-95	-6.318013691
p.(906I)	0.030944702	7.57E-06	-1.517565358
p.(906K)	0.040687754	1.92E-14	-0.206966255
p.(906L)	0.069934482	0	-1.126369763
p.(906M)	0.182019338	0	1.098400628
p.(906N)	0.069989597	0	1.351010242
p.(906P)	0.038748501	4.23E-25	-1.223143851
p.(906Q)	0.026803068	4.17E-14	1.57556982
p.(906R)	0.086138442	0	-0.567101741
p.(906T)	0.081743473	3.47E-18	1.23922035
p.(906V)	0.225096667	2.78E-17	-0.21049221
p.(906W)	0.035804527	5.14E-06	-0.538650242
p.(906Y)	0.036023947	0	-0.665611131
p.(907_1AAdel)	0.472552191	2.68E-21	-4.695390667
p.(907_2AAdel)	0.817138174	1.41E-95	-5.74021744
p.(907_3AAdel)	0.816923408	1.45E-95	-6.194037428
p.(907A)	0.309027214	0	0.015670316
p.(907C)	0.146736523	0	0.635139058
p.(907D)	0.269268156	2.49E-12	-4.203856644
p.(907E)	0.449178179	0	-2.344177244
p.(907F)	0.434536103	0	-0.565191015
p.(907G)	0.36021291	5.55E-17	-0.8561472
p.(907H)	0.126648975	2.08E-17	-0.655560923
p.(907handle)	0.81686112	1.46E-95	-6.376206208
p.(907I)	0.23381428	8.33E-17	-0.311735982
p.(907K)	0.394930997	0	-3.696813647
p.(907L)	0.085661699	0	-1.632523977
p.(907M)	0.186692137	1.39E-17	0.553426677
p.(907N)	0.090265205	3.47E-18	0.177207803
p.(907P)	0.070386567	0	-1.46087698
p.(907Q)	0.235986167	0	-0.252105705
p.(907R)	0.327060776	1.11E-16	-0.753844031
p.(907S)	0.096324178	0	0.198249949
p.(907V)	0.164879595	0	0.23732356
p.(907W)	0.228082756	2.78E-17	0.191217301
p.(907Y)	0.270075612	2.78E-17	-1.499171696
p.(908_1AAdel)	0.817062647	1.43E-95	-5.877529556
p.(908_2AAdel)	0.633260403	2.17E-20	-5.420187522
p.(908_3AAdel)	0.816854591	1.46E-95	-6.397371019
p.(908A)	0.170455692	4.16E-17	1.133365899
p.(908C)	0.084759484	3.47E-18	-0.148279235
p.(908D)	0.203614972	0	1.072486523
p.(908E)	0.180276586	4.16E-17	1.333569041
p.(908F)	0.218379204	5.55E-17	0.99370569
p.(908G)	0.092925054	0	1.18970729
p.(908H)	0.048827733	8.67E-19	-0.026084465
p.(908handle)	0.81717615	1.41E-95	-5.677697083
p.(908I)	0.078126621	0	0.419754739
p.(908K)	0.061710551	0	1.307651249
p.(908L)	0.054264024	0	-0.868851614
p.(908M)	0.103295352	0	1.416321287
p.(908N)	0.1032176	6.94E-18	1.55348933
p.(908P)	0.285208246	0	-1.045715997
p.(908Q)	0.01787846	2.87E-46	1.660324929
p.(908R)	0.11271119	1.39E-17	1.235216391
p.(908S)	0.121848283	1.39E-17	1.197914502
p.(908V)	0.194271321	0	1.100083499
p.(908W)	0.069463848	0	0.703230627
p.(908Y)	0.029760268	2.18E-10	1.231327926
p.(909_1AAdel)	1.076228986	0	-4.174290639
p.(909_2AAdel)	0.81709856	1.42E-95	-5.809883486
p.(909_3AAdel)	0.427173017	2.14E-35	-5.002472591
p.(909C)	0.043488477	0	0.259315556
p.(909D)	0.449385199	1.11E-16	-1.572078904
p.(909E)	0.030671825	2.82E-18	1.33830958
p.(909F)	0.164982576	2.78E-17	-0.675823704
p.(909G)	0.107480675	6.94E-18	0.716908909
p.(909H)	0.163624897	1.39E-17	1.284621393
p.(909handle)	0.817170427	1.41E-95	-5.686871459
p.(909I)	0.131275791	2.08E-17	0.479902282
p.(909K)	0.099327095	0	1.51416292
p.(909L)	0.109881496	0	-1.040303842
p.(909M)	0.057435916	3.47E-18	1.101010891
p.(909N)	0.140399863	0	0.98823077
p.(909P)	0.535241166	3.33E-16	-2.458030837
p.(909Q)	0.118417936	0	1.287856504
p.(909R)	0.14734951	0	1.109114436
p.(909S)	0.067503848	0	0.263667186
p.(909T)	0.15986301	0	0.856869541
p.(909V)	0.152465123	0	0.241472118
p.(909W)	0.165194419	1.39E-17	1.035395609
p.(909Y)	0.107241247	0	1.124958012
p.(910_1AAdel)	0.816886347	1.46E-95	-6.298389186
p.(910_2AAdel)	0.535474974	2.90E-52	-5.038870918
p.(910_3AAdel)	0.817048828	1.43E-95	-5.904826536
p.(910A)	0.183833678	4.16E-17	0.957638673
p.(910C)	0.094202778	0	0.317555244
p.(910D)	0.084419558	0	1.181801208
p.(910E)	0.249437125	2.78E-17	1.431333809
p.(910F)	0.18029847	0	1.33796743
p.(910G)	0.139870471	2.08E-17	0.511371552
p.(910H)	0.079449812	6.94E-18	0.996903445
p.(910handle)	0.816926868	1.45E-95	-6.184829259
p.(910I)	0.211539386	1.58E-09	-4.655259258
p.(910K)	0.067785559	8.67E-18	-1.497871758
p.(910L)	0.079250765	6.94E-18	-0.640498597
p.(910M)	0.03248657	5.20E-18	0.943093425
p.(910N)	0.208999079	0	0.656714591
p.(910P)	0.108097008	4.25E-28	-3.464182472
p.(910R)	0.049659881	0	-1.27902693
p.(910S)	0.116099149	1.39E-17	-0.474469395
p.(910T)	0.643548003	4.44E-16	-3.245987644
p.(910V)	0.221586387	2.11E-07	-4.713970675
p.(910W)	0.097869614	0	1.484814727
p.(910Y)	0.134239711	2.08E-17	1.596295117
_wt	0	0	0