"indel","score"
1,-4.628906782
2,-4.842337892
3,-4.727927541
4,-4.49943864
5,-4.357205381
6,-4.723428096
7,-4.70062209
8,-4.41101583
9,-4.532728815
10,-4.407929408
11,-4.344111904
12,-4.265304019
13,-4.250941115
14,-4.344111904
15,-4.195164577
16,-4.221581208
17,-3.997040032
18,-3.878382487
19,-3.919519393
20,-4.038141707
21,-3.904290672
22,-3.8678283
23,-4.148189209
24,-3.743725602
25,-3.954176327
26,-4.077620518
27,-3.749713644
28,-3.6020098
29,-3.818905501
30,-3.649315917
31,-3.713235435
32,-3.818905501
33,-4.060266504
34,-3.581030009
35,-3.963861633
36,-3.963861633
37,-4.010929144
38,-4.060266504
39,-3.894007805
40,-3.873119317
41,-3.978215946
42,-3.899162456
43,-3.934519674
44,-4.282972323
45,-3.883618102
46,-4.033657395
47,-3.824461071
48,-3.862509138
49,-3.767465589
50,-3.668924389
51,-3.987672282
52,-3.873119317
53,-3.909392724
54,-3.4689726
55,-3.588072292
56,-3.773313559
57,-3.713235435
58,-3.537701932
59,-3.566794893
60,-3.878382487
61,-3.963861633
62,-3.949298269
63,-3.725543283
64,-3.968669334
65,-3.92954454
66,-3.713235435
67,-3.559600618
68,-3.914468877
69,-3.615755721
70,-3.675376024
71,-3.84094496
72,-3.883618102
73,-3.743725602
74,-3.713235435
75,-3.93947018
76,-3.924544529
77,-3.959030705
78,-5.117175059
79,-5.068879069
80,-4.917517791
81,-5.083142385
82,-4.567584891
83,-4.805636526
84,-4.37971437
85,-4.476613113
86,-4.601266831
87,-4.658212908
88,-4.546279158
89,-4.496613779
90,-4.296885591
91,-4.401727838
92,-4.470824384
93,-4.556988765
94,-4.382888976
95,-4.21784986
96,-4.289953154
97,-4.261732586
98,-4.353948049
99,-4.423267132
100,-4.30719496
101,-4.051475238
102,-4.042606
103,-4.493780916
104,-4.30719496
105,-4.073310167
106,-4.073310167
107,-4.191333155
108,-4.382888976
109,-4.376529654
110,-3.904290672
111,-4.30719496
112,-3.813318894
113,-4.152189214
114,-4.127945602
115,-3.914468877
116,-4.010929144
117,-3.857161532
118,-3.784907892
119,-4.086185881
120,-3.997040032
121,-3.818905501
122,-3.662430859
123,-4.077620518
124,-4.098897917
125,-3.934519674
126,-4.236368908
127,-3.968669334
128,-3.968669334
129,-4.073310167
130,-4.30719496
131,-3.492411173
132,-4.376529654
133,-4.40483343
134,-3.8678283
135,-4.136092287
136,-4.08191237
137,-4.038141707
138,-3.93947018
139,-3.92954454
140,-3.835480466
141,-3.997040032
142,-3.412046663
143,-3.767465589
144,-3.813318894
145,-4.140140875
146,-3.386621564
147,-3.992367126
148,-3.694484886
149,-3.818905501
150,-3.268301904
151,-4.366914195
152,-4.279463547
153,-3.796369336
154,-3.982955292
155,-3.987672282
156,-3.997040032
157,-4.051475238
158,-4.840333884
159,-4.432358104
160,-4.353948049
161,-4.30719496
162,-4.401727838
163,-4.608881081
164,-4.435370154
165,-4.123847236
166,-4.347401381
167,-4.502255543
168,-4.37971437
169,-4.928598237
170,-4.540881034
171,-4.846333902
172,-4.583271487
173,-4.456204241
174,-4.068981156
175,-4.505064534
176,-4.485233856
177,-4.485233856
178,-4.641222208
179,-4.59871581
180,-4.476613113
181,-4.786768041
182,-4.76104315
183,-4.646106223
184,-4.864120932
185,-4.272408844
186,-4.373334763
187,-4.689021032
188,-4.3037703
189,-4.39861257
190,-4.347401381
191,-4.33750031
192,-4.485233856
193,-4.261732586
194,-4.462077973
195,-4.505064534
196,-4.289953154
197,-4.320777512
198,-4.663014838
199,-4.453254386
200,-4.426306648
201,-4.803557523
202,-4.006320841
203,-4.482368524
204,-4.529996573
205,-4.373334763
206,-4.37971437
207,-4.529996573
208,-4.376529654
209,-4.243681555
210,-4.790991912
211,-4.482368524
212,-4.686684583
213,-4.236368908
214,-4.840333884
215,-4.695997805
216,-4.392352769
217,-4.401727838
218,-4.042606
219,-4.136092287
220,-3.894007805
221,-4.59871581
222,-4.156173283
223,-4.693677618
224,-4.168031129
225,-4.160141542
226,-4.516222251
227,-4.518992336
228,-4.334178048
229,-3.997040032
230,-4.575458947
231,-4.538171006
232,-4.289953154
233,-4.613925228
234,-4.49943864
235,-4.462077973
236,-4.210345134
237,-4.210345134
238,-4.123847236
239,-4.279463547
240,-4.382888976
241,-4.250941115
242,-4.344111904
243,-4.206571545
244,-4.119732004
245,-4.462077973
246,-4.055880532
247,-4.115599766
248,-4.330844711
249,-3.84094496
250,-2.536752167
251,-4.029152883
252,-3.851785175
253,-3.949298269
254,-4.020082526
255,-3.835480466
256,-3.818905501
257,-3.743725602
258,-3.924544529
259,-4.060266504
260,-3.700774215
261,-4.047050452
262,-4.098897917
263,-3.6020098
264,-3.767465589
265,-4.033657395
266,-4.160141542
267,-3.851785175
268,-3.878382487
269,-3.725543283
270,-4.156173283
271,-4.240031915
272,-3.997040032
273,-4.535453613
274,-4.086185881
275,-3.807700902
276,-4.064633323
277,-4.098897917
278,-4.3037703
279,-3.914468877
280,-3.835480466
281,-3.978215946
282,-3.954176327
283,-4.033657395
284,-3.914468877
285,-3.700774215
286,-4.001691203
287,-3.767465589
288,-3.6020098
289,-3.982955292
290,-3.615755721
291,-3.642693376
292,-3.997040032
293,-3.899162456
294,-4.010929144
295,-4.183625987
296,-3.978215946
297,-3.581030009
298,-3.649315917
299,-3.894007805
300,-4.042606
301,-4.447328443
302,-3.934519674
303,-4.254551227
304,-3.731640863
305,-3.507737143
306,-3.761583219
307,-3.987672282
308,-4.187486996
309,-4.225298684
310,-4.214104537
311,-3.743725602
312,-4.077620518
313,-3.386621564
314,-3.588072292
315,-4.258148353
316,-4.658212908
317,-4.465001952
318,-4.136092287
319,-4.532728815
320,-3.924544529
321,-4.254551227
322,-4.258148353
323,-4.314009297
324,-4.28646883
325,-4.334178048
326,-4.111450383
327,-4.44435225
328,-3.761583219
329,-4.317399131
330,-3.731640863
331,-4.010929144
332,-3.959030705
333,-4.010929144
334,-4.042606
335,-3.731640863
336,-3.675376024
337,-3.545054907
338,-4.144173139
339,-4.047050452
340,-4.090441207
341,-3.873119317
342,-3.790655034
343,-3.796369336
344,-3.857161532
345,-3.681786302
346,-3.851785175
347,-3.92954454
348,-3.566794893
349,-3.914468877
350,-4.042606
351,-3.761583219
352,-4.198981376
353,-3.378000821
354,-3.914468877
355,-3.507737143
356,-3.484659196
357,-3.595065327
358,-3.894007805
359,-3.949298269
360,-3.675376024
361,-3.731640863
362,-4.225298684
363,-3.588072292
364,-3.731640863
365,-3.681786302
366,-3.790655034
367,-3.835480466
368,-3.559600618
369,-3.655894888
370,-4.221581208
371,-3.84094496
372,-3.846379756
373,-3.873119317
374,-3.707024235
375,-3.649315917
376,-4.001691203
377,-3.725543283
378,-3.959030705
379,-3.484659196
380,-3.675376024
381,-3.688155751
382,-3.369305114
383,-3.681786302
384,-3.883618102
385,-3.737701487
386,-3.694484886
387,-4.353948049
388,-4.020082526
389,-4.195164577
390,-3.779127529
391,-3.992367126
392,-4.392352769
393,-4.324144519
394,-4.832277445
395,-4.548967332
396,-2.939680822
397,-4.330844711
398,-4.653387809
399,-4.344111904
400,-4.175858958
401,1.035189414
402,3.797342916
403,-0.06325704
404,-4.30719496
405,-4.548967332
406,-4.465001952
407,-4.532728815
408,-4.389208112
409,-4.752318994
410,-4.646106223
411,-4.723428096
412,-4.952192798
413,-4.780398593
414,-4.698312621
415,-4.606349434
416,-4.289953154
417,-4.103099604
418,-4.745725564
419,-4.40483343
420,-4.803557523
421,-4.45914542
422,-4.051475238
423,-4.623937828
424,-4.618944059
425,-4.638771227
426,-4.3037703
427,-4.658212908
428,-4.543583739
429,-4.496613779
430,-4.479494959
431,-4.370129632
432,-4.373334763
433,-4.698312621
434,-4.450295804
435,-4.30719496
436,-4.658212908
437,-4.423267132
438,-3.992367126
439,-4.648539314
440,-4.655803269
441,-4.502255543
442,-4.747928208
443,-4.373334763
444,-4.705225091
445,-4.653387809
446,-4.482368524
447,-4.663014838
448,-4.543583739
449,-4.626425391
450,-4.450295804
451,-4.621444061
452,-4.465001952
453,-4.488091
454,-4.572841145
455,-4.202783662
456,-4.490940005
457,-4.538171006
458,-4.971731608
459,-4.438373159
460,-4.559648341
461,-4.462077973
462,-2.67741572
463,-4.420218349
464,-4.119732004
465,-3.675376024
466,-4.243681555
467,-4.426306648
468,-4.496613779
469,-4.047050452
470,-4.29342538
471,-2.96602103
472,-3.122968916
473,-3.306221139
474,-4.240031915
475,-3.914468877
476,-4.39861257
477,-4.824155573
478,-4.718908314
479,-4.529996573
480,-4.628906782
481,-4.826192234
482,-4.202783662
483,-4.593594159
484,-4.613925228
485,-4.198981376
486,-4.210345134
487,-4.510658954
488,-4.543583739
489,-4.453254386
490,-4.282972323
491,-4.344111904
492,-4.261732586
493,-4.250941115
494,-4.258148353
495,-4.438373159
496,-4.250941115
497,-4.28646883
498,-4.268862741
499,-4.350680072
500,-4.435370154
501,-4.529996573
502,-4.601266831
503,-4.29342538
504,-4.29342538
505,-4.340811571
506,-4.098897917
507,-4.441367173
508,-4.240031915
509,-4.363688386
510,-4.229002392
511,-4.562300863
512,-4.327500227
513,-4.392352769
514,-4.350680072
515,-3.997040032
516,-4.296885591
517,-4.119732004
518,-4.282972323
519,-4.064633323
520,-3.909392724
521,-4.376529654
522,-3.982955292
523,-3.909392724
524,-4.115599766
525,-4.210345134
526,-4.30033387
527,-4.202783662
528,-3.846379756
529,-4.236368908
530,-4.202783662
531,-4.047050452
532,-4.310607933
533,-4.229002392
534,-4.243681555
535,-4.357205381
536,-4.450295804
537,-4.327500227
538,-4.386053535
539,-4.140140875
540,-4.183625987
541,-4.636314223
542,-4.240031915
543,-4.340811571
544,-4.247317922
545,-4.327500227
546,-4.376529654
547,-4.289953154
548,-4.572841145
549,-4.240031915
550,-4.21784986
551,-4.39861257
552,-4.296885591
553,-4.778266396
554,-4.450295804
555,-4.551648299
556,-4.389208112
557,-4.33750031
558,-4.538171006
559,-4.71664074
560,-4.225298684
561,-4.214104537
562,-3.878382487
563,-4.156173283
564,-2.611493638
565,1.794392682
566,0.372730054
567,2.364005649
568,-5.173361306
569,-4.10728371
570,-4.090441207
571,-3.829985946
572,-3.700774215
573,-4.073310167
574,-4.042606
575,-4.450295804
576,-3.954176327
577,-2.29628009
578,-3.992367126
579,-3.218786839
580,-3.369305114
581,-3.725543283
582,-3.813318894
583,-2.461756651
584,2.109562053
585,6.061249316
586,1.479316966
587,1.67960607
588,-2.499626043
589,1.083437273
590,3.21890262
591,1.05145708
592,1.730434847
593,-3.813318894
594,-3.92954454
595,-3.934519674
596,-3.813318894
597,-3.846379756
598,-3.84094496
599,-3.484659196
600,-3.888826447
601,-3.924544529
602,-4.175858958
603,-3.208582669
604,-4.268862741
605,-3.360533128
606,-4.086185881
607,-4.103099604
608,-3.978215946
609,-3.767465589
610,-4.08191237
611,-3.784907892
612,-3.537701932
613,-3.62931525
614,-4.171952703
615,-3.807700902
616,-3.675376024
617,-4.033657395
618,-4.30033387
619,-3.595065327
620,-4.164094117
621,-4.29342538
622,-4.115599766
623,-4.429336953
624,-3.807700902
625,-3.914468877
626,-4.347401381
627,-4.30719496
628,-4.583271487
629,-4.636314223
630,-4.559648341
631,-4.572841145
632,-4.038141707
633,-4.575458947
634,-4.3037703
635,-4.317399131
636,-4.183625987
637,-4.243681555
638,-4.423267132
639,-4.279463547
640,-4.265304019
641,-4.229002392
642,-4.171952703
643,-4.45914542
644,-4.366914195
645,-4.417160243
646,-4.064633323
647,-4.370129632
648,-4.020082526
649,-4.168031129
650,-4.221581208
651,-4.29342538
652,-4.10728371
653,-3.888826447
654,-4.064633323
655,-3.894007805
656,-4.221581208
657,-4.029152883
658,-3.904290672
659,-3.675376024
660,-4.265304019
661,1.41582433
662,-3.873119317
663,-3.894007805
664,-2.600709242
665,-3.492411173
666,-4.090441207
667,-3.681786302
668,-4.055880532
669,-3.982955292
670,-3.914468877
671,-3.982955292
672,-3.608906379
673,-4.090441207
674,-3.862509138
675,-3.963861633
676,-4.136092287
677,-3.973454032
678,-4.073310167
679,-4.064633323
680,-3.904290672
681,-4.144173139
682,-3.93947018
683,-3.954176327
684,-3.924544529
685,-4.123847236
686,-3.894007805
687,-3.713235435
688,-3.807700902
689,-3.779127529
690,-3.46103605
691,-4.232692433
692,-3.779127529
693,-3.93947018
694,-4.144173139
695,-3.46103605
696,-3.187856538
697,-3.919519393
698,-4.28646883
699,-3.755666042
700,-3.919519393
701,-3.8678283
702,-3.636026685
703,-4.191333155
704,-3.813318894
705,-3.773313559
706,-3.973454032
707,-4.183625987
708,-5.419389802
709,-4.10728371
710,-4.790991912
711,-3.779127529
712,-3.987672282
713,-4.441367173
714,-4.578069915
715,-2.810780431
716,-4.210345134
717,-3.500103519
718,-3.813318894
719,-4.156173283
720,-3.177330125
721,-5.280947955
722,-4.265304019
723,-4.502255543
724,-3.198273299
725,-4.660616756
726,-3.111732842
727,-4.015516308
728,-4.195164577
729,-3.649315917
730,-3.675376024
731,-3.016987474
732,-3.813318894
733,-4.382888976
734,-4.152189214
735,-3.622558468
736,-3.545054907
737,-3.944396298
738,-3.287441244
739,-4.334178048
740,-3.111732842
741,-3.608906379
742,-2.939529415
743,-4.020082526
744,-3.784907892
745,-3.700774215
746,-4.029152883
747,-4.282972323
748,-3.978215946
749,-3.552354209
750,-3.743725602
751,-3.177330125
752,-4.020082526
753,-3.208582669
754,-3.403643252
755,-3.681786302
756,-3.436841322
757,-2.680515235
758,-3.32465484
759,-3.909392724
760,-3.873119317
761,-2.662970925
762,-4.127945602
763,-2.898427739
764,-3.688155751
765,-3.851785175
766,-2.305030956
767,-3.595065327
768,-2.926015695
769,-3.6020098
770,-4.969971044
771,-4.485233856
772,-4.386053535
773,-3.982955292
774,-4.175858958
775,-3.608906379
776,-3.041528583
777,-4.959342069
778,-3.755666042
779,-4.836313778
780,-4.681995242
781,-3.93947018
782,-4.485233856
783,-3.934519674
784,-3.813318894
785,-4.152189214
786,-4.240031915
787,-4.559648341
788,-4.327500227
789,-4.073310167
790,-3.919519393
791,-4.010929144
792,-4.340811571
793,-4.068981156
794,-3.959030705
795,-4.317399131
796,-4.020082526
797,-3.959030705
798,-4.29342538
799,-3.862509138
800,-4.073310167
801,-3.978215946
802,-4.086185881
803,-3.552354209
804,-3.982955292
805,-3.93947018
806,-3.662430859
807,-3.492411173
808,-4.243681555
809,-4.015516308
810,-3.924544529
811,-4.055880532
812,-3.681786302
813,-3.790655034
814,-3.949298269
815,-3.719408294
816,-3.713235435
817,-3.662430859
818,-3.857161532
819,-3.761583219
820,-4.038141707
821,-3.959030705
822,-3.784907892
823,-3.681786302
824,-4.127945602
825,-4.010929144
826,-3.944396298
827,-3.662430859
828,-3.6020098
829,-3.924544529
830,-3.700774215
831,-3.700774215
832,-4.020082526
833,-3.530294491
834,-3.573937781
835,-3.767465589
836,-4.077620518
837,-4.156173283
838,-3.818905501
839,-3.767465589
840,-4.282972323
841,-4.006320841
842,-3.807700902
843,-3.824461071
844,-3.878382487
845,-4.225298684
846,-4.136092287
847,-4.094678501
848,-3.851785175
849,-3.6020098
850,-3.420380044
851,-2.884342999
852,-3.46103605
853,-4.10728371
854,-4.024627988
855,-3.444971448
856,-3.412046663
857,-4.055880532
858,-3.743725602
859,1.029182127
860,5.145913606
861,5.560426131
862,-2.033988857
863,5.661776517
864,5.614841916
865,5.375882392
866,5.205163514
867,4.930104401
868,4.571654226
869,4.188651037
870,3.535729886
871,1.497458952
872,-5.803017236
873,0.872025987
874,-5.00704732
875,-4.836636119
876,-4.836636119
877,-5.176226051
878,-4.969484218
879,-5.251167472
880,-5.12021141
881,-5.00704732
882,-5.251167472
883,-4.988442132
884,-4.868896981
885,-5.043250368
886,-4.757048681
887,-4.930454874
888,-4.757048681
889,-5.016221696
890,-4.825646997
891,-4.683395772
892,-4.486962371
893,-5.069567677
894,-4.825646997
895,-4.836636119
896,-4.631096272
897,-4.814535772
898,-4.657587888
899,-5.069567677
900,-4.825646997
901,-4.372082095
902,-4.768813523
903,-4.780441561
904,-4.836636119
905,-5.272596864
906,-5.580393301
907,-1.935093031
908,-0.667825806
909,-0.598881057
910,0.504803972
911,-3.792555729
912,-4.057169451
913,-5.293576654
914,-5.626086528
915,-5.243921064
916,-5.293576654
917,-6.058481048
918,-6.385244471
919,-6.405934864
920,-6.768395089
921,-6.499278068
922,-6.623831454
923,-6.320473635
924,-6.65623753
925,-6.359360673
926,-5.043250368
927,-4.803299699
928,-5.191670374
929,-5.360491243
930,-5.069567677
931,-5.516027925
932,-5.606035731
933,-4.988442132
934,-4.930454874
935,-5.702495997
936,-6.221563426
937,-5.307322575
938,-5.06087197
939,-5.621111394
940,-5.80716662
941,-5.482221888
942,-5.751833357
943,-5.94611808
944,-5.96750927
945,-5.974539176
946,-5.920569245
947,-6.071281223
948,-2.244807517
949,-2.121887696
950,-1.722182457
951,-5.729708561
952,-5.909416713
953,-5.859597983
954,-5.96750927
955,-5.909416713
956,-5.991900723
957,-5.803017236
958,-5.777752735
959,-5.831707729
960,-5.640865122
961,-5.595857526
962,-5.470694383
963,-5.459032444
964,-5.392341069
965,-5.353997714
966,-3.888169342
967,-5.229268787
968,-5.532511814
969,-5.279639147
970,-5.482221888
971,-5.674522145
972,-5.53794661
973,-5.606035731
974,-5.711649379
975,-5.756200176
976,-5.716194842
977,-5.441280498
978,-5.616111383
979,-5.453150074
980,-5.464880413
981,-5.600959578
982,-5.06087197
983,-5.251167472
984,-5.272596864
985,-5.272596864
986,-5.095210107
987,-0.323018252
988,-0.660452456
989,2.21473037
990,1.107863824
991,1.584359438
992,-0.022821019
993,-5.441280498
994,-4.196841862
995,-5.314125323
996,-5.559395154
997,-5.734172854
998,-5.621111394
999,-5.52704732
1000,-5.760548009
1001,-5.734172854
1002,-5.543352029
1003,-5.697887694
1004,-5.410975149
1005,-5.720719736
1006,-5.580393301
1007,-5.373353157
1008,-5.423207717
1009,-5.90567139
1010,-5.953299439
1011,-5.794666457
1012,-5.94611808
1013,-5.798850564
1014,-5.769187372
1015,-5.626086528
1016,-5.798850564
1017,-5.464880413
1018,-5.12021141
1019,-5.916865537
1020,-5.347461743
1021,-5.453150074
1022,-5.32759354
1023,-4.900149525
1024,-5.12021141
1025,-4.670575083
1026,-5.199303998
1027,-5.532511814
1028,-5.06087197
1029,-5.392341069
1030,-5.379722605
1031,-5.447232897
1032,-5.199303998
1033,-5.243921064
1034,-5.229268787
1035,-5.366942878
1036,-5.353997714
1037,-5.447232897
1038,-5.516027925
1039,-5.025312668
1040,-5.307322575
1041,-5.258361748
1042,-5.447232897
1043,-5.206879792
1044,-4.920454791
1045,-5.229268787
1046,-5.59072931
1047,-5.199303998
1048,-5.441280498
1049,-5.429268342
1050,-5.016221696
1051,-5.410975149
1052,-5.575184955
1053,-5.12021141
1054,-5.410975149
1055,-5.441280498
1056,-5.575184955
1057,-5.476474746
1058,-5.00704732
1059,-5.366942878
1060,-3.970955388
1061,-5.043250368
1062,-4.069801223
1063,-4.471337053
1064,-5.016221696
1065,-5.00704732
1066,-5.06087197
1067,-5.128408177
1068,-5.258361748
1069,-5.300473233
1070,-5.398591089
1071,-5.459032444
1072,-5.334260231
1073,-5.069567677
1074,-4.879423394
1075,-5.373353157
1076,-5.1119469
1077,-5.016221696
1078,-5.404802289
1079,-5.510472355
1080,-5.417110137
1081,-5.48793619
1082,-4.670575083
1083,-4.9790081
1084,-5.499267756
1085,-5.152602905
1086,-5.103613518
1087,-4.950159945
1088,-5.183978028
1089,-5.00704732
1090,-5.272596864
1091,-5.176226051
1092,-4.780441561
1093,-4.575909857
1094,-5.293576654
1095,-5.243921064
1096,-5.016221696
1097,-5.720719736
1098,-5.859597983
1099,-5.79046477
1100,-5.640865122
1101,-5.76487702
1102,-5.585574659
1103,-5.660236188
1104,-5.702495997
1105,-5.429268342
1106,-5.711649379
1107,0.534988257
1108,-5.548728386
1109,-5.404802289
1110,-5.366942878
1111,-2.606490712
1112,-5.756200176
1113,-5.777752735
1114,-5.554075992
1115,-5.674522145
1116,-5.777752735
1117,-5.882900008
1118,-5.548728386
1119,-5.379722605
1120,-5.353997714
1121,-5.265504636
1122,-5.493618023
1123,-5.504885748
1124,-5.48793619
1125,-5.847740136
1126,-5.191670374
1127,-5.580393301
1128,-5.660236188
1129,-5.88673143
1130,-5.482221888
1131,-5.379722605
1132,-5.794666457
1133,-5.688606885
1134,-5.575184955
1135,-5.747447385
1136,-5.655428486
1137,-5.953299439
1138,-5.819512456
1139,-5.725224248
1140,-5.688606885
1141,-5.794666457
1142,-5.747447385
1143,-5.606035731
1144,-5.674522145
1145,-5.476474746
1146,-5.716194842
1147,-5.476474746
1148,-5.38605174
1149,-5.373353157
1150,-5.453150074
1151,-5.360491243
1152,-5.76487702
1153,-5.697887694
1154,-5.272596864
1155,-5.635963152
1156,-5.595857526
1157,-5.340882772
1158,-5.559395154
1159,-5.600959578
1160,-5.747447385
1161,-5.595857526
1162,-5.559395154
1163,-5.300473233
1164,-5.76487702
1165,-5.595857526
1166,-5.621111394
1167,-5.575184955
1168,-5.585574659
1169,-5.743042092
1170,-5.78200806
1171,-5.909416713
1172,-5.720719736
1173,-5.564686171
1174,-5.236621761
1175,-5.554075992
1176,-5.564686171
1177,-5.786245355
1178,-5.510472355
1179,-5.76487702
1180,-5.645743181
1181,-5.660236188
1182,-5.716194842
1183,-5.798850564
1184,-5.548728386
1185,-5.707083161
1186,-5.595857526
1187,-5.851708396
1188,-5.702495997
1189,-5.738617306
1190,-5.769187372
1191,-5.751833357
1192,-5.621111394
1193,-5.347461743
1194,-5.532511814
1195,-5.569949341
1196,-5.258361748
1197,-5.482221888
1198,-5.600959578
1199,-5.373353157
1200,-5.293576654
1201,-5.221861346
1202,-5.373353157
1203,-5.679239135
1204,-5.569949341
1205,-5.835739992
1206,-5.600959578
1207,-5.697887694
1208,-5.59072931
1209,-5.751833357
1210,-5.621111394
1211,-5.410975149
1212,-5.516027925
1213,-5.307322575
1214,-5.665020886
1215,-5.621111394
1216,-5.707083161
1217,-5.882900008
1218,-5.76487702
1219,-5.773479224
1220,-5.859597983
1221,-5.738617306
1222,-5.901911988
1223,-6.074455829
1224,-6.264407998
1225,-6.227020465
1226,-6.467696496
1227,-5.688606885
1228,-5.580393301
1229,-5.863519556
1230,-5.665020886
1231,-5.665020886
1232,-5.729708561
1233,-5.128408177
1234,-5.453150074
1235,-5.128408177
1236,-5.476474746
1237,-5.353997714
1238,-5.6697828
1239,-5.78200806
1240,-6.042246925
1241,-5.901911988
1242,-5.953299439
1243,-5.78200806
1244,-5.470694383
1245,-5.756200176
1246,-5.949715206
1247,-5.839756062
1248,-5.548728386
1249,-5.720719736
1250,-5.293576654
1251,-5.559395154
1252,-5.660236188
1253,-6.01906708
1254,-4.222269816
1255,-5.626086528
1256,-5.835739992
1257,-5.88673143
1258,-6.108727096
1259,-6.080774965
1260,-5.981520007
1261,-5.991900723
1262,-5.843756067
1263,-5.78200806
1264,-5.9710304
1265,-5.835739992
1266,-5.90567139
1267,-5.942507968
1268,-5.743042092
1269,-6.138895296
1270,-5.85566097
1271,-6.111785202
1272,-5.981520007
1273,-5.96750927
1274,-5.953299439
1275,-5.82765914
1276,-6.029067163
1277,-6.045514902
1278,-5.738617306
1279,-5.953299439
1280,-6.087054421
1281,-5.59072931
1282,-5.575184955
1283,-5.988452444
1284,-5.660236188
1285,-5.595857526
1286,-5.635963152
1287,-5.569949341
1288,-5.635963152
1289,-5.569949341
1290,-5.679239135
1291,-5.6697828
1292,-6.002174786
1293,-5.679239135
1294,-5.729708561
1295,-5.760548009
1296,-5.738617306
1297,-5.711649379
1298,-5.815414089
1299,-5.743042092
1300,-5.747447385
1301,-5.470694383
1302,-5.441280498
1303,-5.843756067
1304,-5.621111394
1305,-5.78200806
1306,-5.927935761
1307,-6.048772234
1308,-5.76487702
1309,-5.819512456
1310,-6.008965984
1311,-5.600959578
1312,-5.88673143
1313,-5.882900008
1314,-5.85566097
1315,-5.516027925
1316,-5.811298857
1317,-5.725224248
1318,-5.379722605
1319,-5.707083161
1320,-6.077620388
1321,-3.06113717
1322,-5.751833357
1323,-5.693258056
1324,-5.743042092
1325,-5.459032444
1326,-5.611086247
1327,-5.898138398
1328,-5.956870872
1329,-5.847740136
1330,-5.334260231
1331,-5.176226051
1332,-4.825646997
1333,-5.913148061
1334,-5.82765914
1335,-5.863519556
1336,-5.760548009
1337,-5.935248408
1338,-5.729708561
1339,-5.79046477
1340,-5.871316867
1341,-5.978035683
1342,-3.518970264
1343,-6.16528979
1344,-5.78200806
1345,-5.85566097
1346,-5.769187372
1347,-5.606035731
1348,-6.00557615
1349,-5.747447385
1350,-6.029067163
1351,-5.859597983
1352,-5.863519556
1353,-5.851708396
1354,-5.927935761
1355,-5.697887694
1356,-5.606035731
1357,-5.631037033
1358,-5.942507968
1359,-5.843756067
1360,-6.045514902
1361,-5.843756067
1362,-5.898138398
1363,-5.769187372
1364,-5.76487702
1365,-5.645743181
1366,-5.693258056
1367,-5.693258056
1368,-5.924259286
1369,-5.711649379
1370,-5.665020886
1371,-5.683933979
1372,-5.660236188
1373,-5.901911988
1374,-5.585574659
1375,-5.52704732
1376,-5.78200806
1377,-5.90567139
1378,-5.711649379
1379,-5.94611808
1380,-5.798850564
1381,-5.9710304
1382,-5.82765914
1383,-5.82765914
1384,-5.674522145
1385,-5.683933979
1386,-5.729708561
1387,-5.913148061
1388,-5.815414089
1389,-5.798850564
1390,-5.794666457
1391,-5.611086247
1392,-5.6697828
1393,-5.683933979
1394,-5.743042092
1395,-5.811298857
1396,-5.707083161
1397,-5.924259286
1398,-6.002174786
1399,-5.697887694
1400,-5.94611808
1401,-5.729708561
1402,-5.510472355
1403,-5.794666457
1404,-5.773479224
1405,-5.738617306
1406,-5.521552801
1407,-5.152602905
1408,-3.518970264
1409,-5.214398625
1410,-5.626086528
1411,-5.679239135
1412,-5.80716662
1413,-5.532511814
1414,-5.353997714
1415,-5.665020886
1416,-5.453150074
1417,-5.334260231
1418,-5.366942878
1419,-5.476474746
1420,-5.482221888
1421,-5.482221888
1422,-5.688606885
1423,-5.650597559
1424,-5.674522145
1425,-5.729708561
1426,-5.756200176
1427,-5.660236188
1428,-5.258361748
1429,-5.379722605
1430,-5.729708561
1431,-5.392341069
1432,-5.221861346
1433,-5.447232897
1434,-5.493618023
1435,-5.176226051
1436,-4.920454791
1437,-5.034321738
1438,-5.06087197
1439,-4.644429803
1440,-3.664443369
1441,0.246224241
1442,3.67449379
1443,3.390183895
1444,4.725824137
1445,-5.660236188
1446,-5.635963152
1447,-1.793649481
1448,1.82326516
1449,3.258295963
1450,3.100217592
1451,2.798172216
1452,3.300672885
1453,1.485600227
1454,-0.607646144
1455,0.976996149
1456,-2.663901135
1457,-4.396640771
1458,-5.913148061
1459,-5.720719736
1460,-5.835739992
1461,-5.960429594
1462,-5.819512456
1463,-5.751833357
1464,-5.631037033
1465,-5.716194842
1466,-5.871316867
1467,-5.655428486
1468,-5.575184955
1469,-5.894350515
1470,-5.6697828
1471,-5.564686171
1472,-5.595857526
1473,-5.521552801
1474,-5.459032444
1475,-5.168413511
1476,-5.379722605
1477,-5.493618023
1478,-5.243921064
1479,-5.38605174
1480,-5.847740136
1481,-5.417110137
1482,-5.725224248
1483,-5.679239135
1484,-5.392341069
1485,-5.679239135
1486,-5.314125323
1487,-5.482221888
1488,-1.401183173
1489,-5.720719736
1490,0.050854953
1491,-5.688606885
1492,-5.595857526
1493,-5.559395154
1494,-5.79046477
1495,-5.913148061
1496,-5.879053849
1497,-5.798850564
1498,-5.960429594
1499,-5.78200806
1500,-6.002174786
1501,-5.738617306
1502,-5.898138398
1503,-5.650597559
1504,-5.640865122
1505,-5.747447385
1506,-5.777752735
1507,-5.595857526
1508,-5.773479224
1509,-5.650597559
1510,-5.499267756
1511,-5.720719736
1512,-5.769187372
1513,-5.823594094
1514,-5.913148061
1515,-5.835739992
1516,-6.068096507
1517,-5.78200806
1518,-5.221861346
1519,-5.128408177
1520,-5.803017236
1521,-5.760548009
1522,-5.963975697
1523,-5.76487702
1524,-5.882900008
1525,-5.811298857
1526,-5.931598769
1527,-5.894350515
1528,-5.811298857
1529,-5.751833357
1530,-5.794666457
1531,-5.569949341
1532,-5.559395154
1533,-5.655428486
1534,-5.621111394
1535,-5.835739992
1536,-5.760548009
1537,-5.554075992
1538,-5.863519556
1539,-5.78200806
1540,-5.435292456
1541,-5.760548009
1542,-5.688606885
1543,-0.401856534
1544,-0.540783934
1545,-5.585574659
1546,-5.410975149
1547,-5.499267756
1548,-0.443692811
1549,-5.320882105
1550,-5.136538303
1551,-5.07818842
1552,-4.79193594
1553,-5.660236188
1554,-5.606035731
1555,-5.510472355
1556,-5.635963152
1557,-5.404802289
1558,-5.464880413
1559,-5.621111394
1560,-5.716194842
1561,-5.569949341
1562,-5.548728386
1563,-5.554075992
1564,-5.265504636
1565,-5.069567677
1566,-5.12021141
1567,-5.751833357
1568,-5.453150074
1569,-5.360491243
1570,-5.459032444
1571,-6.193822396
1572,-5.585574659
1573,-5.580393301
1574,-5.447232897
1575,-5.265504636
1576,-5.353997714
1577,-5.464880413
1578,-5.679239135
1579,-5.214398625
1580,-5.206879792
1581,-5.398591089
1582,-5.320882105
1583,-5.453150074
1584,-5.286632182
1585,-5.53794661
1586,-5.595857526
1587,-5.459032444
1588,-5.815414089
1589,-5.510472355
1590,-5.679239135
1591,-5.786245355
1592,-5.417110137
1593,-5.79046477
1594,-5.843756067
1595,-5.879053849
1596,-5.80716662
1597,-5.720719736
1598,-6.2670258
1599,-5.6697828
1600,-5.720719736
1601,-5.554075992
1602,-5.819512456
1603,-5.379722605
1604,-5.493618023
1605,-5.521552801
1606,-5.711649379
1607,-5.882900008
1608,-5.48793619
1609,-5.543352029
1610,-5.616111383
1611,-5.650597559
1612,-5.38605174
1613,-5.32759354
1614,-5.314125323
1615,-5.53794661
1616,-5.504885748
1617,-5.595857526
1618,-5.595857526
1619,-5.702495997
1620,-5.707083161
1621,-5.738617306
1622,-5.595857526
1623,-5.6697828
1624,-5.665020886
1625,-5.464880413
1626,-5.606035731
1627,-5.429268342
1628,-5.707083161
1629,-5.606035731
1630,-5.650597559
1631,-5.725224248
1632,-5.679239135
1633,-5.616111383
1634,-5.839756062
1635,-5.756200176
1636,-5.616111383
1637,-5.786245355
1638,-5.751833357
1639,-5.835739992
1640,-5.913148061
1641,-5.80716662
1642,-5.738617306
1643,-5.819512456
1644,-5.835739992
1645,-6.248555618
1646,-5.206879792
1647,-5.499267756
1648,-5.600959578
1649,-5.366942878
1650,-5.48793619
1651,-5.532511814
1652,-5.6697828
1653,-5.404802289
1654,-5.683933979
1655,-5.621111394
1656,-5.314125323
1657,-5.360491243
1658,-5.417110137
1659,-5.504885748
1660,-5.819512456
1661,-5.559395154
1662,-5.499267756
1663,-5.52704732
1664,-5.575184955
1665,-5.435292456
1666,-5.279639147
1667,-5.417110137
1668,-5.08673548
1669,-4.9790081
1670,-5.206879792
1671,-4.930454874
1672,-5.679239135
1673,-5.379722605
1674,-5.645743181
1675,-5.499267756
1676,-5.236621761
1677,-5.286632182
1678,-5.417110137
1679,-5.516027925
1680,-5.521552801
1681,-5.334260231
1682,-5.300473233
1683,-5.38605174
1684,-5.697887694
1685,-5.293576654
1686,-5.621111394
1687,-5.410975149
1688,-5.214398625
1689,-5.293576654
1690,-5.59072931
1691,-5.683933979
1692,-5.569949341
1693,-5.595857526
1694,-5.59072931
1695,-5.631037033
1696,-5.606035731
1697,-5.38605174
1698,-5.293576654
1699,-5.334260231
1700,-5.516027925
1701,-5.410975149
1702,-5.716194842
1703,-5.510472355
1704,-5.697887694
1705,-5.38605174
1706,-5.320882105
1707,-5.564686171
1708,-5.043250368
1709,-5.476474746
1710,-5.521552801
1711,-5.575184955
1712,-5.160539455
1713,-5.314125323
1714,-5.016221696
1715,-4.858258583
1716,-5.152602905
1717,-5.258361748
1718,-4.950159945
1719,-5.07818842
1720,-5.069567677
1721,-5.08673548
1722,-5.199303998
1723,-5.025312668
1724,-5.016221696
1725,-1.504131004
1726,0.222323609
1727,3.065230275
1728,-3.942334788
1729,-4.868896981
1730,-5.00704732
1731,-5.580393301
1732,-5.435292456
1733,-5.279639147
1734,-4.768813523
1735,-5.360491243
1736,-5.340882772
1737,-5.464880413
1738,-5.645743181
1739,-5.521552801
1740,-4.988442132
1741,-5.183978028
1742,-5.144602863
1743,-5.366942878
1744,-5.199303998
1745,-5.373353157
1746,-5.554075992
1747,-5.645743181
1748,-5.679239135
1749,-5.516027925
1750,-5.404802289
1751,-5.52704732
1752,-5.016221696
1753,-5.635963152
1754,-5.600959578
1755,-5.6697828
1756,-5.548728386
1757,-5.650597559
1758,-5.738617306
1759,-5.476474746
1760,-5.645743181
1761,-5.417110137
1762,-5.543352029
1763,-5.265504636
1764,-5.683933979
1765,-5.347461743
1766,-5.688606885
1767,-5.631037033
1768,-5.78200806
1769,-5.580393301
1770,-5.6697828
1771,-5.738617306
1772,-5.569949341
1773,-5.441280498
1774,-5.738617306
1775,-5.707083161
1776,-5.510472355
1777,-5.720719736
1778,-5.621111394
1779,-5.859597983
1780,-5.160539455
1781,-5.559395154
1782,-5.429268342
1783,-0.092175281
1784,-1.994509579
1785,-5.034321738
1786,-5.293576654
1787,-5.251167472
1788,-4.670575083
1789,-5.626086528
1790,-5.521552801
1791,-5.683933979
1792,-5.334260231
1793,-5.702495997
1794,-5.635963152
1795,-5.417110137
1796,-5.626086528
1797,-5.734172854
1798,-5.564686171
1799,-5.600959578
1800,-5.340882772
1801,-5.725224248
1802,-5.645743181
1803,-5.034321738
1804,-5.435292456
1805,-5.417110137
1806,-5.453150074
1807,-5.38605174
1808,-5.265504636
1809,-5.470694383
1810,-5.447232897
1811,-5.499267756
1812,-5.674522145
1813,-5.575184955
1814,-5.543352029
1815,-5.575184955
1816,-5.78200806
1817,-5.697887694
1818,-5.894350515
1819,-5.711649379
1820,-5.760548009
1821,-5.80716662
1822,-5.924259286
1823,-5.851708396
1824,-5.894350515
1825,-5.688606885
1826,-5.960429594
1827,-5.916865537
1828,-5.875192841
1829,-5.516027925
1830,-5.777752735
1831,-5.626086528
1832,-5.429268342
1833,-5.725224248
1834,-5.819512456
1835,-5.52704732
1836,-5.773479224
1837,-5.76487702
1838,-5.843756067
1839,-4.336791199
1840,-5.683933979
1841,-5.720719736
1842,-5.459032444
1843,-5.635963152
1844,-5.871316867
1845,-5.645743181
1846,-5.803017236
1847,-5.729708561
1848,-5.831707729
1849,-5.516027925
1850,-5.711649379
1851,-5.59072931
1852,-5.493618023
1853,-5.366942878
1854,-5.459032444
1855,-5.435292456
1856,-5.611086247
1857,-5.697887694
1858,-5.650597559
1859,-5.78200806
1860,-5.665020886
1861,-5.640865122
1862,-5.575184955
1863,-5.493618023
1864,-5.470694383
1865,-5.777752735
1866,-5.716194842
1867,-5.760548009
1868,-5.693258056
1869,-5.963975697
1870,-5.882900008
1871,-5.769187372
1872,-5.803017236
1873,-5.734172854
1874,-5.716194842
1875,-5.79046477
1876,-5.711649379
1877,-5.441280498
1878,-5.464880413
1879,-5.417110137
1880,-4.670575083
1881,-5.144602863
1882,-5.773479224
1883,-5.697887694
1884,-5.734172854
1885,-5.78200806
1886,-5.665020886
1887,-5.916865537
1888,-5.760548009
1889,-5.863519556
1890,-5.600959578
1891,-5.935248408
1892,-5.803017236
1893,-5.738617306
1894,-5.729708561
1895,-5.851708396
1896,-5.595857526
1897,-5.59072931
1898,-5.611086247
1899,-5.595857526
1900,-5.580393301
1901,-5.851708396
1902,-6.032378424
1903,-5.747447385
1904,-5.78200806
1905,-5.90567139
1906,-5.798850564
1907,-6.068096507
1908,-5.909416713
1909,-6.029067163
1910,-6.022411564
1911,-5.729708561
1912,-5.995337153
1913,-5.953299439
1914,-6.061696485
1915,-5.920569245
1916,-5.942507968
1917,-5.920569245
1918,-5.984992233
1919,-5.839756062
1920,-6.05201899
1921,-5.794666457
1922,-5.78200806
1923,-5.847740136
1924,-5.747447385
1925,-5.777752735
1926,-5.747447385
1927,-5.532511814
1928,-5.683933979
1929,-5.734172854
1930,-5.499267756
1931,-5.697887694
1932,-5.729708561
1933,-5.773479224
1934,-5.916865537
1935,-5.931598769
1936,-5.79046477
1937,-5.777752735
1938,-5.867425811
1939,-5.798850564
1940,-5.751833357
1941,-5.747447385
1942,-5.823594094
1943,-5.580393301
1944,-5.631037033
1945,-5.716194842
1946,-5.6697828
1947,-5.564686171
1948,-5.76487702
1949,-5.569949341
1950,-5.655428486
1951,-5.585574659
1952,-5.569949341
1953,-5.720719736
1954,-5.640865122
1955,-5.626086528
1956,-5.660236188
1957,-5.340882772
1958,-5.569949341
1959,-5.025312668
1960,-4.9790081
1961,-4.969484218
1962,-5.08673548
1963,-4.910353695
1964,-5.265504636
1965,-5.398591089
1966,-5.258361748
1967,-5.128408177
1968,-5.221861346
1969,-5.435292456
1970,-5.229268787
1971,-5.160539455
1972,-5.191670374
1973,-5.307322575
1974,-5.034321738
1975,-5.221861346
1976,-5.144602863
1977,-4.868896981
1978,-5.08673548
1979,-5.052099984
1980,-4.910353695
1981,-5.043250368
1982,-5.016221696
1983,-4.768813523
1984,-4.997787994
1985,-4.889840155
1986,-5.243921064
1987,-5.08673548
1988,-5.06087197
1989,-5.176226051
1990,-5.300473233
1991,-4.930454874
1992,-5.404802289
1993,-5.07818842
1994,-4.858258583
1995,-5.12021141
1996,-5.482221888
1997,-4.930454874
1998,-5.293576654
1999,-5.453150074
2000,-5.548728386
2001,-5.417110137
2002,-5.300473233
2003,-5.580393301
2004,-5.265504636
2005,-5.307322575
2006,-5.569949341
2007,-5.392341069
2008,-5.340882772
2009,-5.128408177
2010,-5.128408177
2011,-5.144602863
2012,-5.314125323
2013,-4.814535772
2014,-5.07818842
2015,-4.988442132
2016,-5.152602905
2017,-5.06087197
2018,-5.258361748
2019,-5.136538303
2020,-5.360491243
2021,-5.314125323
2022,-5.183978028
2023,-5.307322575
2024,-5.334260231
2025,-5.688606885
2026,-5.464880413
2027,-5.353997714
2028,-5.286632182
2029,-5.38605174
2030,-5.453150074
2031,-5.635963152
2032,-5.564686171
2033,-5.510472355
2034,-5.334260231
2035,-5.379722605
2036,-5.128408177
2037,-5.025312668
2038,-2.025045238
2039,-3.831842585
2040,-4.455463703
2041,-4.79193594
2042,-4.814535772
2043,-5.168413511
2044,-5.095210107
2045,-4.868896981
2046,-4.969484218
2047,-5.12021141
2048,-4.9790081
2049,-5.144602863
2050,-5.095210107
2051,-5.052099984
2052,-4.858258583
2053,-5.052099984
2054,-5.144602863
2055,-5.052099984
2056,-5.199303998
2057,-5.034321738
2058,-5.258361748
2059,-4.940355945
2060,-4.561623899
2061,-4.920454791
2062,-4.336680167
2063,-4.439334322
2064,-4.780441561
2065,-4.745143779
2066,-4.803299699
2067,-5.043250368
2068,-5.095210107
2069,-4.73309544
2070,-4.889840155
2071,-4.858258583
2072,-4.889840155
2073,-4.920454791
2074,-5.214398625
2075,-4.950159945
2076,-5.279639147
2077,-5.12021141
2078,-5.07818842
2079,-5.214398625
2080,-5.025312668
2081,-4.969484218
2082,-4.73309544
2083,-4.803299699
2084,-5.08673548
2085,-5.160539455
2086,-5.236621761
2087,-5.360491243
2088,-5.06087197
2089,-5.160539455
2090,-5.128408177
2091,-5.103613518
2092,-4.858258583
2093,-4.847505791
2094,-4.988442132
2095,-4.803299699
2096,-5.016221696
2097,-5.016221696
2098,-5.176226051
2099,-5.06087197
2100,-5.12021141
2101,-4.900149525
2102,-4.720900167
2103,-4.720900167
2104,-4.561623899
2105,-4.940355945
2106,-4.868896981
2107,-5.103613518
2108,-4.910353695
2109,-4.720900167
2110,-5.069567677
2111,-5.307322575
2112,-5.06087197
2113,-4.910353695
2114,-4.439334322
2115,-4.988442132
2116,-4.930454874
2117,-4.9790081
2118,-5.307322575
2119,-5.00704732
2120,-5.136538303
2121,-5.206879792
2122,-5.265504636
2123,-5.136538303
2124,-5.00704732
2125,-4.9790081
2126,-4.9790081
2127,-5.168413511
2128,-5.206879792
2129,-4.858258583
2130,-5.095210107
2131,-5.1119469
2132,-5.221861346
2133,-5.144602863
2134,-4.930454874
2135,-5.144602863
2136,-5.069567677
2137,-5.214398625
2138,-4.720900167
2139,-5.272596864
2140,-5.183978028
2141,-5.095210107
2142,-4.997787994
2143,-4.959868759
2144,-4.708554331
2145,-4.814535772
2146,-4.73309544
2147,-4.879423394
2148,-5.265504636
2149,-4.950159945
2150,-4.757048681
2151,-4.900149525
2152,-4.879423394
2153,-5.12021141
2154,-5.103613518
2155,-5.373353157
2156,-4.950159945
2157,-4.940355945
2158,-5.069567677
2159,-5.320882105
2160,-4.950159945
2161,-4.969484218
2162,-4.988442132
2163,-4.879423394
2164,-5.136538303
2165,-5.236621761
2166,-4.847505791
2167,-5.052099984
2168,-5.243921064
2169,-4.708554331
2170,-5.191670374
2171,-5.168413511
2172,-5.176226051
2173,-4.768813523
2174,-5.183978028
2175,-5.025312668
2176,-5.136538303
2177,-5.183978028
2178,-5.206879792
2179,-5.272596864
2180,-5.214398625
2181,-5.103613518
2182,-5.152602905
2183,-5.00704732
2184,-5.221861346
2185,-5.069567677
2186,-5.243921064
2187,-5.069567677
2188,-5.379722605
2189,-5.152602905
2190,-5.168413511
2191,-4.950159945
2192,-4.950159945
2193,-4.281110316
