"indel","score","dataset"
1,-1.219445061,"1AAdel"
2,-0.885288952,"1AAdel"
3,-1.20190075,"1AAdel"
4,-1.369862081,"1AAdel"
5,-1.302826676,"1AAdel"
6,-1.042327318,"1AAdel"
7,-1.153552962,"1AAdel"
8,-1.20190075,"1AAdel"
9,-1.334325345,"1AAdel"
10,-1.513627717,"1AAdel"
11,-1.669319949,"1AAdel"
12,0.408860527,"1AAdel"
13,-1.418533491,"1AAdel"
14,-1.592506768,"1AAdel"
15,-1.344608213,"1AAdel"
16,-1.522229921,"1AAdel"
17,-1.491792787,"1AAdel"
18,-1.253636428,"1AAdel"
19,-1.509298705,"1AAdel"
20,-1.423272836,"1AAdel"
21,-1.584490692,"1AAdel"
22,-1.539215468,"1AAdel"
23,-1.627804551,"1AAdel"
24,-1.418533491,"1AAdel"
25,-1.354786418,"1AAdel"
26,-1.46947043,"1AAdel"
27,-1.270303482,"1AAdel"
28,-0.843960752,"1AAdel"
29,-1.604411671,"1AAdel"
30,-1.374837216,"1AAdel"
31,-1.384713841,"1AAdel"
32,-1.482923549,"1AAdel"
33,-1.942573111,"1AAdel"
34,-1.787718943,"1AAdel"
35,-1.691258673,"1AAdel"
36,-1.810447195,"1AAdel"
37,-1.588506762,"1AAdel"
38,4.515089671,"1AAdel"
39,-1.45124669,"1AAdel"
40,-1.96482716,"1AAdel"
41,-1.478459255,"1AAdel"
42,-1.826371099,"1AAdel"
43,-1.928408568,"1AAdel"
44,-1.683999112,"1AAdel"
45,-1.848246972,"1AAdel"
46,-1.379787722,"1AAdel"
47,-1.63165071,"1AAdel"
48,-2.036475834,"1AAdel"
49,-1.761095073,"1AAdel"
50,-1.757716692,"1AAdel"
51,-1.635482133,"1AAdel"
52,-1.522229921,"1AAdel"
53,-1.76446208,"1AAdel"
54,-1.860535914,"1AAdel"
55,-1.67300999,"1AAdel"
56,-1.761095073,"1AAdel"
57,-1.623943543,"1AAdel"
58,-1.787718943,"1AAdel"
59,-1.627804551,"1AAdel"
60,-1.313436856,"1AAdel"
61,-1.810447195,"1AAdel"
62,-1.635482133,"1AAdel"
63,3.754954718,"1AAdel"
64,-1.774495609,"1AAdel"
65,-1.560049556,"1AAdel"
66,-1.543417155,"1AAdel"
67,-1.807231758,"1AAdel"
68,-1.404179176,"1AAdel"
69,-0.411193479,"1AAdel"
70,-1.835805132,"1AAdel"
71,-1.676686465,"1AAdel"
72,3.923726899,"1AAdel"
73,-1.797522944,"1AAdel"
74,-1.76446208,"1AAdel"
75,-1.761095073,"1AAdel"
76,-1.698465912,"1AAdel"
77,-1.669319949,"1AAdel"
78,-1.661898764,"1AAdel"
79,-1.584490692,"1AAdel"
80,-1.635482133,"1AAdel"
81,-1.816847217,"1AAdel"
82,-1.712726403,"1AAdel"
83,-1.669319949,"1AAdel"
84,-1.464945535,"1AAdel"
85,-1.482923549,"1AAdel"
86,-1.665616241,"1AAdel"
87,-1.547601262,"1AAdel"
88,-1.771162273,"1AAdel"
89,4.723822508,"1AAdel"
90,-1.432684671,"1AAdel"
91,-1.374837216,"1AAdel"
92,-1.635482133,"1AAdel"
93,-1.643101218,"1AAdel"
94,-1.705621577,"1AAdel"
95,-1.555917318,"1AAdel"
96,-1.719781107,"1AAdel"
97,-1.526503432,"1AAdel"
98,-1.654422094,"1AAdel"
99,-1.423272836,"1AAdel"
100,-1.334325345,"1AAdel"
101,-1.509298705,"1AAdel"
102,-1.560049556,"1AAdel"
103,-1.8007697,"1AAdel"
104,-1.698465912,"1AAdel"
105,-1.384713841,"1AAdel"
106,-1.423272836,"1AAdel"
107,-1.313436856,"1AAdel"
108,-1.639298931,"1AAdel"
109,-1.8007697,"1AAdel"
110,-1.39449387,"1AAdel"
111,3.656701096,"1AAdel"
112,-1.816847217,"1AAdel"
113,-1.313436856,"1AAdel"
114,-1.399348249,"1AAdel"
115,-1.329143986,"1AAdel"
116,-1.564164788,"1AAdel"
117,-1.551767935,"1AAdel"
118,-1.680349473,"1AAdel"
119,-1.72678639,"1AAdel"
120,-1.63165071,"1AAdel"
121,-1.807231758,"1AAdel"
122,-1.676686465,"1AAdel"
123,-1.620067569,"1AAdel"
124,-1.509298705,"1AAdel"
125,-1.63165071,"1AAdel"
126,-1.807231758,"1AAdel"
127,-1.313436856,"1AAdel"
128,-1.627804551,"1AAdel"
129,-1.379787722,"1AAdel"
130,-1.68763548,"1AAdel"
131,-1.650662691,"1AAdel"
132,-1.797522944,"1AAdel"
133,-1.712726403,"1AAdel"
134,-1.737203151,"1AAdel"
135,-1.399348249,"1AAdel"
136,-1.680349473,"1AAdel"
137,-1.473974942,"1AAdel"
138,-1.564164788,"1AAdel"
139,-1.270303482,"1AAdel"
140,-1.612270258,"1AAdel"
141,-1.730270714,"1AAdel"
142,-1.604411671,"1AAdel"
143,-1.500584053,"1AAdel"
144,-1.482923549,"1AAdel"
145,-1.896521807,"1AAdel"
146,-1.878690725,"1AAdel"
147,-2.08398477,"1AAdel"
148,-1.820031933,"1AAdel"
149,-1.997306335,"1AAdel"
150,-1.767817788,"1AAdel"
151,-1.691258673,"1AAdel"
152,-1.826371099,"1AAdel"
153,-1.919812526,"1AAdel"
154,-1.89061337,"1AAdel"
155,0.774809293,"1AAdel"
156,-1.845150995,"1AAdel"
157,1.568077648,"1AAdel"
158,-1.771162273,"1AAdel"
159,-2.013158715,"1AAdel"
160,-1.863584697,"1AAdel"
161,-1.936931347,"1AAdel"
162,-1.905319518,"1AAdel"
163,-1.777817872,"1AAdel"
164,-1.981198604,"1AAdel"
165,-2.039033381,"1AAdel"
166,-1.698465912,"1AAdel"
167,-1.887646009,"1AAdel"
168,-1.723289882,"1AAdel"
169,-1.881684739,"1AAdel"
170,-1.842045402,"1AAdel"
171,-1.777817872,"1AAdel"
172,-2.007902461,"1AAdel"
173,-1.893571952,"1AAdel"
174,-1.887646009,"1AAdel"
175,-1.73374294,"1AAdel"
176,-1.747512521,"1AAdel"
177,-1.608348684,"1AAdel"
178,-1.57640984,"1AAdel"
179,-1.934098484,"1AAdel"
180,-1.723289882,"1AAdel"
181,-1.813652326,"1AAdel"
182,-1.787718943,"1AAdel"
183,-1.676686465,"1AAdel"
184,-1.945382102,"1AAdel"
185,-1.928408568,"1AAdel"
186,-1.702050145,"1AAdel"
187,-1.838930134,"1AAdel"
188,-1.810447195,"1AAdel"
189,-1.884669816,"1AAdel"
190,-1.750925494,"1AAdel"
191,-1.887646009,"1AAdel"
192,-1.942573111,"1AAdel"
193,-1.596490837,"1AAdel"
194,-1.723289882,"1AAdel"
195,-1.63165071,"1AAdel"
196,-1.999965911,"1AAdel"
197,-1.654422094,"1AAdel"
198,-1.8007697,"1AAdel"
199,-1.781129133,"1AAdel"
200,-1.845150995,"1AAdel"
201,-1.680349473,"1AAdel"
202,1.44611268,"1AAdel"
203,-1.945382102,"1AAdel"
204,-1.513627717,"1AAdel"
205,-1.820031933,"1AAdel"
206,-1.418533491,"1AAdel"
207,-1.526503432,"1AAdel"
208,-1.592506768,"1AAdel"
209,-1.705621577,"1AAdel"
210,-1.829525676,"1AAdel"
211,-1.694868785,"1AAdel"
212,-1.881684739,"1AAdel"
213,-1.354786418,"1AAdel"
214,-1.646889101,"1AAdel"
215,-1.730270714,"1AAdel"
216,-1.683999112,"1AAdel"
217,-1.592506768,"1AAdel"
218,-2.018387485,"1AAdel"
219,-1.8007697,"1AAdel"
220,-1.842045402,"1AAdel"
221,-1.592506768,"1AAdel"
222,-1.771162273,"1AAdel"
223,-1.560049556,"1AAdel"
224,-1.911141951,"1AAdel"
225,-1.384713841,"1AAdel"
226,-1.899462986,"1AAdel"
227,-1.543417155,"1AAdel"
228,-1.899462986,"1AAdel"
229,-1.658167417,"1AAdel"
230,-1.7091803,"1AAdel"
231,-1.869654519,"1AAdel"
232,-1.627804551,"1AAdel"
233,-1.807231758,"1AAdel"
234,-1.975771182,"1AAdel"
235,-1.730270714,"1AAdel"
236,-1.813652326,"1AAdel"
237,-1.813652326,"1AAdel"
238,-1.857477807,"1AAdel"
239,-1.74408786,"1AAdel"
240,-1.730270714,"1AAdel"
241,-1.76446208,"1AAdel"
242,-1.580458429,"1AAdel"
243,-1.702050145,"1AAdel"
244,3.14024755,"1AAdel"
245,-1.46947043,"1AAdel"
246,-1.572344793,"1AAdel"
247,-1.899462986,"1AAdel"
248,-1.67300999,"1AAdel"
249,-1.665616241,"1AAdel"
250,-1.787718943,"1AAdel"
251,-1.89061337,"1AAdel"
252,-1.702050145,"1AAdel"
253,-1.612270258,"1AAdel"
254,-1.584490692,"1AAdel"
255,-1.482923549,"1AAdel"
256,-1.896521807,"1AAdel"
257,-1.691258673,"1AAdel"
258,-1.774495609,"1AAdel"
259,-1.716259976,"1AAdel"
260,-1.608348684,"1AAdel"
261,-1.851333395,"1AAdel"
262,-1.661898764,"1AAdel"
263,-1.804005949,"1AAdel"
264,-1.702050145,"1AAdel"
265,-1.925551423,"1AAdel"
266,-1.835805132,"1AAdel"
267,-1.596490837,"1AAdel"
268,-1.89061337,"1AAdel"
269,-1.665616241,"1AAdel"
270,-1.669319949,"1AAdel"
271,-1.73374294,"1AAdel"
272,-1.661898764,"1AAdel"
273,-1.989284901,"1AAdel"
274,-1.694868785,"1AAdel"
275,-1.869654519,"1AAdel"
276,-1.627804551,"1AAdel"
277,-1.981198604,"1AAdel"
278,-1.74065143,"1AAdel"
279,-1.790997635,"1AAdel"
280,-1.446638387,"1AAdel"
281,-1.437357577,"1AAdel"
282,-1.560049556,"1AAdel"
283,-1.418533491,"1AAdel"
284,-1.680349473,"1AAdel"
285,-1.76446208,"1AAdel"
286,-1.85441032,"1AAdel"
287,-1.869654519,"1AAdel"
288,2.201063501,"1AAdel"
289,-2.044128933,"1AAdel"
290,-2.020991654,"1AAdel"
291,-1.838930134,"1AAdel"
292,-1.989284901,"1AAdel"
293,-2.039033381,"1AAdel"
294,-2.0542428,"1AAdel"
295,-2.071699603,"1AAdel"
296,-1.945382102,"1AAdel"
297,-1.85441032,"1AAdel"
298,-1.978488575,"1AAdel"
299,-2.079088799,"1AAdel"
300,-1.942573111,"1AAdel"
301,-1.848246972,"1AAdel"
302,-1.87568772,"1AAdel"
303,-1.774495609,"1AAdel"
304,-2.081539781,"1AAdel"
305,-1.754326858,"1AAdel"
306,-1.750925494,"1AAdel"
307,-1.869654519,"1AAdel"
308,-1.804005949,"1AAdel"
309,3.754068428,"1AAdel"
310,-1.661898764,"1AAdel"
311,-2.002618433,"1AAdel"
312,-1.683999112,"1AAdel"
313,-1.784429466,"1AAdel"
314,-1.869654519,"1AAdel"
315,-1.771162273,"1AAdel"
316,-1.939756208,"1AAdel"
317,-1.816847217,"1AAdel"
318,-1.74065143,"1AAdel"
319,-1.737203151,"1AAdel"
320,-2.136315379,"1AAdel"
321,-1.784429466,"1AAdel"
322,-1.919812526,"1AAdel"
323,-1.905319518,"1AAdel"
324,-2.103332411,"1AAdel"
325,-1.551767935,"1AAdel"
326,-1.91693068,"1AAdel"
327,-1.737203151,"1AAdel"
328,-2.119959873,"1AAdel"
329,-1.999965911,"1AAdel"
330,-2.056755364,"1AAdel"
331,2.601887238,"1AAdel"
332,-1.997306335,"1AAdel"
333,-2.061761632,"1AAdel"
334,-1.959309904,"1AAdel"
335,-1.884669816,"1AAdel"
336,-1.820031933,"1AAdel"
337,-0.155024001,"1AAdel"
338,-0.432146363,"1AAdel"
339,-0.669205416,"1AAdel"
340,NA,"1AAdel"
341,-0.517564127,"1AAdel"
342,-0.32466043,"1AAdel"
343,-1.270303482,"1AAdel"
344,-0.517564127,"1AAdel"
345,-0.295881461,"1AAdel"
346,-0.481846039,"1AAdel"
347,-0.585386733,"1AAdel"
348,-0.940421028,"1AAdel"
349,NA,"1AAdel"
350,-0.698910574,"1AAdel"
351,-0.266249658,"1AAdel"
352,NA,"1AAdel"
353,-0.708619389,"1AAdel"
354,-1.313436856,"1AAdel"
355,-0.338745173,"1AAdel"
356,-1.184043131,"1AAdel"
357,-0.266249658,"1AAdel"
358,NA,"1AAdel"
359,NA,"1AAdel"
360,NA,"1AAdel"
361,NA,"1AAdel"
362,NA,"1AAdel"
363,-0.469650764,"1AAdel"
364,NA,"1AAdel"
365,NA,"1AAdel"
366,NA,"1AAdel"
367,-0.31037447,"1AAdel"
368,4.275991451,"1AAdel"
369,-0.048729319,"1AAdel"
370,NA,"1AAdel"
371,-0.295881461,"1AAdel"
372,-0.432146363,"1AAdel"
373,-0.648900147,"1AAdel"
374,-0.25109785,"1AAdel"
375,NA,"1AAdel"
376,NA,"1AAdel"
377,NA,"1AAdel"
378,NA,"1AAdel"
379,NA,"1AAdel"
380,0.008979013,"1AAdel"
381,NA,"1AAdel"
382,NA,"1AAdel"
383,NA,"1AAdel"
384,NA,"1AAdel"
385,-2.066742963,"1AAdel"
386,-1.496198081,"1AAdel"
387,-1.698465912,"1AAdel"
388,-2.119959873,"1AAdel"
389,-1.253636428,"1AAdel"
390,-1.530758757,"1AAdel"
391,-2.329584904,"1AAdel"
392,NA,"1AAdel"
393,-1.737203151,"1AAdel"
394,-1.522229921,"1AAdel"
395,-1.712726403,"1AAdel"
396,-1.925551423,"1AAdel"
397,-1.91693068,"1AAdel"
398,-1.404179176,"1AAdel"
399,-2.112867645,"1AAdel"
400,-1.213631091,"1AAdel"
401,-1.399348249,"1AAdel"
402,-1.339479996,"1AAdel"
403,-1.128473276,"1AAdel"
404,-1.20778312,"1AAdel"
405,-0.774063305,"1AAdel"
406,-0.638590776,"1AAdel"
407,-0.963149281,"1AAdel"
408,-1.551767935,"1AAdel"
409,-0.529192167,"1AAdel"
410,-0.6792055,"1AAdel"
411,-0.783072376,"1AAdel"
412,-0.727758732,"1AAdel"
413,-1.308145838,"1AAdel"
414,-0.755797955,"1AAdel"
415,-0.901353556,"1AAdel"
416,-0.171691056,"1AAdel"
417,-1.339479996,"1AAdel"
418,-0.648900147,"1AAdel"
419,-0.6792055,"1AAdel"
420,-1.399348249,"1AAdel"
421,-0.517564127,"1AAdel"
422,-1.141091741,"1AAdel"
423,-0.529192167,"1AAdel"
424,-0.835486124,"1AAdel"
425,-0.235712928,"1AAdel"
426,NA,"1AAdel"
427,NA,"1AAdel"
428,NA,"1AAdel"
429,-0.406338475,"1AAdel"
430,NA,"1AAdel"
431,NA,"1AAdel"
432,NA,"1AAdel"
433,-1.838930134,"1AAdel"
434,-1.654422094,"1AAdel"
435,-1.560049556,"1AAdel"
436,-1.866624213,"1AAdel"
437,-1.592506768,"1AAdel"
438,-1.635482133,"1AAdel"
439,-1.794265612,"1AAdel"
440,-1.698465912,"1AAdel"
441,-1.73374294,"1AAdel"
442,-1.551767935,"1AAdel"
443,-1.781129133,"1AAdel"
444,-1.63165071,"1AAdel"
445,-1.292102712,"1AAdel"
446,-1.669319949,"1AAdel"
447,-1.845150995,"1AAdel"
448,-1.482923549,"1AAdel"
449,-1.829525676,"1AAdel"
450,-1.509298705,"1AAdel"
451,-1.730270714,"1AAdel"
452,-1.712726403,"1AAdel"
453,-1.737203151,"1AAdel"
454,-1.784429466,"1AAdel"
455,-1.418533491,"1AAdel"
456,-1.530758757,"1AAdel"
457,-1.72678639,"1AAdel"
458,-1.354786418,"1AAdel"
459,-1.504950872,"1AAdel"
460,-1.20778312,"1AAdel"
461,-1.555917318,"1AAdel"
462,-1.522229921,"1AAdel"
463,-1.547601262,"1AAdel"
464,-1.76446208,"1AAdel"
465,-1.354786418,"1AAdel"
466,-1.596490837,"1AAdel"
467,-1.627804551,"1AAdel"
468,-1.526503432,"1AAdel"
469,-1.658167417,"1AAdel"
470,-1.838930134,"1AAdel"
471,-1.936931347,"1AAdel"
472,-2.026179733,"1AAdel"
473,-1.810447195,"1AAdel"
474,-1.408986878,"1AAdel"
475,-1.543417155,"1AAdel"
476,-1.72678639,"1AAdel"
477,-1.517938068,"1AAdel"
478,-1.63165071,"1AAdel"
479,-1.639298931,"1AAdel"
480,-1.872675669,"1AAdel"
481,-1.914040504,"1AAdel"
482,-2.005263937,"1AAdel"
483,-2.310297902,"1AAdel"
484,-1.878690725,"1AAdel"
485,-1.860535914,"1AAdel"
486,-2.088856887,"1AAdel"
487,-1.872675669,"1AAdel"
488,-1.74065143,"1AAdel"
489,-1.934098484,"1AAdel"
490,2.945363488,"1AAdel"
491,-0.571760513,"1AAdel"
492,-2.110492347,"1AAdel"
493,-1.973046384,"1AAdel"
494,-1.991965868,"1AAdel"
495,-2.115237314,"1AAdel"
496,-1.936931347,"1AAdel"
497,-2.105724757,"1AAdel"
498,-1.857477807,"1AAdel"
499,-2.110492347,"1AAdel"
500,-1.928408568,"1AAdel"
501,-1.914040504,"1AAdel"
502,-1.999965911,"1AAdel"
503,-2.143243813,"1AAdel"
504,-2.010534042,"1AAdel"
505,-2.290631584,"1AAdel"
506,-1.860535914,"1AAdel"
507,-2.005263937,"1AAdel"
508,-2.056755364,"1AAdel"
509,-2.044128933,"1AAdel"
510,-1.936931347,"1AAdel"
511,-1.878690725,"1AAdel"
512,-1.970314142,"1AAdel"
513,-2.108111393,"1AAdel"
514,-2.22284383,"1AAdel"
515,-2.147836244,"1AAdel"
516,-2.138630195,"1AAdel"
517,-2.056755364,"1AAdel"
518,-2.110492347,"1AAdel"
519,-2.023589058,"1AAdel"
520,-2.233414753,"1AAdel"
521,-2.039033381,"1AAdel"
522,-1.983901308,"1AAdel"
523,-2.056755364,"1AAdel"
524,1.555796724,"1AAdel"
525,-2.229199783,"1AAdel"
526,-2.049198653,"1AAdel"
527,-2.163745671,"1AAdel"
528,-2.131669609,"1AAdel"
529,-1.460400073,"1AAdel"
530,-1.635482133,"1AAdel"
531,-1.620067569,"1AAdel"
532,-1.500584053,"1AAdel"
533,-1.572344793,"1AAdel"
534,-1.572344793,"1AAdel"
535,-1.691258673,"1AAdel"
536,-1.349710265,"1AAdel"
537,-1.784429466,"1AAdel"
538,-1.829525676,"1AAdel"
539,-1.513627717,"1AAdel"
540,-1.829525676,"1AAdel"
541,-1.925551423,"1AAdel"
542,NA,"1AAdel"
543,-2.122312816,"1AAdel"
544,-1.560049556,"1AAdel"
545,-1.45124669,"1AAdel"
546,-1.339479996,"1AAdel"
547,-1.564164788,"1AAdel"
548,-1.369862081,"1AAdel"
549,2.36576476,"1AAdel"
550,-1.838930134,"1AAdel"
551,-1.413771577,"1AAdel"
552,-1.517938068,"1AAdel"
553,-1.676686465,"1AAdel"
554,-1.437357577,"1AAdel"
555,-1.530758757,"1AAdel"
556,-1.543417155,"1AAdel"
557,-1.572344793,"1AAdel"
558,-1.604411671,"1AAdel"
559,-1.712726403,"1AAdel"
560,-1.794265612,"1AAdel"
561,-1.620067569,"1AAdel"
562,-1.7091803,"1AAdel"
563,-1.526503432,"1AAdel"
564,-1.334325345,"1AAdel"
565,-1.716259976,"1AAdel"
566,-1.694868785,"1AAdel"
567,4.615331032,"1AAdel"
568,-1.650662691,"1AAdel"
569,-1.680349473,"1AAdel"
570,-1.716259976,"1AAdel"
571,-1.551767935,"1AAdel"
572,-1.526503432,"1AAdel"
573,-1.600459096,"1AAdel"
574,1.854303909,"1AAdel"
575,0.084970316,"1AAdel"
576,-1.39449387,"1AAdel"
577,-2.35783537,"1AAdel"
578,2.604141657,"1AAdel"
579,6.799500672,"1AAdel"
580,4.187039403,"1AAdel"
581,1.236061554,"1AAdel"
582,-0.91665347,"1AAdel"
583,-2.412049188,"1AAdel"
584,-0.745740549,"1AAdel"
585,3.909283758,"1AAdel"
586,1.432101057,"1AAdel"
587,-2.413806658,"1AAdel"
588,-2.207854255,"1AAdel"
589,-2.100934329,"1AAdel"
590,-2.46180216,"1AAdel"
591,0.507012415,"1AAdel"
592,-2.448322596,"1AAdel"
593,-2.493106199,"1AAdel"
594,-2.367077581,"1AAdel"
595,-2.468474412,"1AAdel"
596,-2.288643512,"1AAdel"
597,-2.451709559,"1AAdel"
598,-2.397877117,"1AAdel"
599,-2.354114436,"1AAdel"
600,-2.390715045,"1AAdel"
601,-2.376235154,"1AAdel"
602,-2.427756318,"1AAdel"
603,-2.415561044,"1AAdel"
604,-2.314185176,"1AAdel"
605,-2.507599207,"1AAdel"
606,-2.489856806,"1AAdel"
607,-2.406758171,"1AAdel"
608,-2.569586516,"1AAdel"
609,-2.539073088,"1AAdel"
610,-2.512383905,"1AAdel"
611,-2.321914684,"1AAdel"
612,-2.534414694,"1AAdel"
613,-2.468474412,"1AAdel"
614,-2.619413673,"1AAdel"
615,-2.525032295,"1AAdel"
616,-2.565068436,"1AAdel"
617,-2.348506944,"1AAdel"
618,-2.448322596,"1AAdel"
619,-2.581535874,"1AAdel"
620,-2.444924122,"1AAdel"
621,-2.316123161,"1AAdel"
622,-2.6641451,"1AAdel"
623,-2.431213538,"1AAdel"
624,-2.521885165,"1AAdel"
625,-1.74408786,"1AAdel"
626,-1.712726403,"1AAdel"
627,-1.600459096,"1AAdel"
628,-1.845150995,"1AAdel"
629,-1.639298931,"1AAdel"
630,-1.612270258,"1AAdel"
631,-1.543417155,"1AAdel"
632,3.332398964,"1AAdel"
633,-1.908234972,"1AAdel"
634,-1.530758757,"1AAdel"
635,-1.568263155,"1AAdel"
636,-1.530758757,"1AAdel"
637,-1.473974942,"1AAdel"
638,-1.423272836,"1AAdel"
639,-1.379787722,"1AAdel"
640,-1.89061337,"1AAdel"
641,-1.584490692,"1AAdel"
642,-1.555917318,"1AAdel"
643,-1.404179176,"1AAdel"
644,-1.757716692,"1AAdel"
645,-1.517938068,"1AAdel"
646,-1.504950872,"1AAdel"
647,-1.683999112,"1AAdel"
648,-1.05607324,"1AAdel"
649,-1.496198081,"1AAdel"
650,-1.042327318,"1AAdel"
651,-1.702050145,"1AAdel"
652,-1.496198081,"1AAdel"
653,-1.354786418,"1AAdel"
654,-1.292102712,"1AAdel"
655,-1.46947043,"1AAdel"
656,-1.478459255,"1AAdel"
657,-1.555917318,"1AAdel"
658,-1.464945535,"1AAdel"
659,-1.604411671,"1AAdel"
660,-1.297479069,"1AAdel"
661,-1.588506762,"1AAdel"
662,-1.572344793,"1AAdel"
663,2.199381162,"1AAdel"
664,-1.74065143,"1AAdel"
665,-1.832670333,"1AAdel"
666,-1.63165071,"1AAdel"
667,-1.572344793,"1AAdel"
668,-1.87568772,"1AAdel"
669,-1.568263155,"1AAdel"
670,-2.026179733,"1AAdel"
671,-2.105724757,"1AAdel"
672,-1.761095073,"1AAdel"
673,-3.644376099,"1AAdel"
674,-3.810364255,"1AAdel"
675,-3.813834222,"1AAdel"
676,-3.854976581,"1AAdel"
677,-3.756357379,"1AAdel"
678,-3.637168861,"1AAdel"
679,-3.568747844,"1AAdel"
680,-3.722779964,"1AAdel"
681,-3.526945655,"1AAdel"
682,-3.795039962,"1AAdel"
683,-3.730339651,"1AAdel"
684,-3.578657091,"1AAdel"
685,-3.809494879,"1AAdel"
686,-3.765942117,"1AAdel"
687,-3.786621658,"1AAdel"
688,-3.725621548,"1AAdel"
689,-3.886069288,"1AAdel"
690,-3.798563419,"1AAdel"
691,-3.875540744,"1AAdel"
692,0.37707923,"1AAdel"
693,-3.746216706,"1AAdel"
694,-3.609934918,"1AAdel"
695,-3.650002712,"1AAdel"
696,-3.500051312,"1AAdel"
697,-3.768663824,"1AAdel"
698,-3.643863015,"1AAdel"
699,-3.914659681,"1AAdel"
700,-3.61786727,"1AAdel"
701,-3.675186617,"1AAdel"
702,-3.692445428,"1AAdel"
703,-3.525791254,"1AAdel"
704,-3.604077606,"1AAdel"
705,-3.78528595,"1AAdel"
706,-3.725148511,"1AAdel"
707,-3.47302264,"1AAdel"
708,-3.597648438,"1AAdel"
709,-3.659142152,"1AAdel"
710,1.303135326,"1AAdel"
711,-3.644376099,"1AAdel"
712,-3.612586033,"1AAdel"
713,-3.694399031,"1AAdel"
714,-3.635100073,"1AAdel"
715,-3.687053258,"1AAdel"
716,-3.508900928,"1AAdel"
717,-3.714206442,"1AAdel"
718,-3.614173335,"1AAdel"
719,-3.550321862,"1AAdel"
720,-3.507137259,"1AAdel"
721,-1.945382102,"1AAdel"
722,-1.860535914,"1AAdel"
723,-1.757716692,"1AAdel"
724,-1.908234972,"1AAdel"
725,-1.887646009,"1AAdel"
726,-1.807231758,"1AAdel"
727,-1.627804551,"1AAdel"
728,-1.884669816,"1AAdel"
729,-1.73374294,"1AAdel"
730,-1.835805132,"1AAdel"
731,-1.74408786,"1AAdel"
732,-1.757716692,"1AAdel"
733,-1.878690725,"1AAdel"
734,-1.820031933,"1AAdel"
735,-1.857477807,"1AAdel"
736,-1.650662691,"1AAdel"
737,-1.919812526,"1AAdel"
738,-1.816847217,"1AAdel"
739,-1.761095073,"1AAdel"
740,-1.899462986,"1AAdel"
741,-1.848246972,"1AAdel"
742,-1.816847217,"1AAdel"
743,-1.826371099,"1AAdel"
744,-1.8007697,"1AAdel"
745,-1.787718943,"1AAdel"
746,-1.813652326,"1AAdel"
747,-1.893571952,"1AAdel"
748,-1.914040504,"1AAdel"
749,-1.967574414,"1AAdel"
750,-1.881684739,"1AAdel"
751,-1.832670333,"1AAdel"
752,-2.124660235,"1AAdel"
753,-1.72678639,"1AAdel"
754,-1.702050145,"1AAdel"
755,-1.698465912,"1AAdel"
756,-1.829525676,"1AAdel"
757,-1.539215468,"1AAdel"
758,-1.816847217,"1AAdel"
759,-1.857477807,"1AAdel"
760,-1.85441032,"1AAdel"
761,-1.863584697,"1AAdel"
762,-1.767817788,"1AAdel"
763,-1.826371099,"1AAdel"
764,-1.807231758,"1AAdel"
765,-1.691258673,"1AAdel"
766,-1.612270258,"1AAdel"
767,-1.482923549,"1AAdel"
768,-1.922686091,"1AAdel"
769,-1.539215468,"1AAdel"
770,-0.054879508,"1AAdel"
771,-1.612270258,"1AAdel"
772,-1.600459096,"1AAdel"
773,-1.616176513,"1AAdel"
774,-1.74065143,"1AAdel"
775,-1.635482133,"1AAdel"
776,-1.530758757,"1AAdel"
777,-1.665616241,"1AAdel"
778,-1.560049556,"1AAdel"
779,-1.669319949,"1AAdel"
780,-1.592506768,"1AAdel"
781,-1.270303482,"1AAdel"
782,-1.534996052,"1AAdel"
783,-1.683999112,"1AAdel"
784,-1.639298931,"1AAdel"
785,-1.848246972,"1AAdel"
786,-1.754326858,"1AAdel"
787,-1.46947043,"1AAdel"
788,-1.654422094,"1AAdel"
789,-1.76446208,"1AAdel"
790,-1.379787722,"1AAdel"
791,-1.423272836,"1AAdel"
792,-1.74408786,"1AAdel"
793,-1.551767935,"1AAdel"
794,-1.623943543,"1AAdel"
795,-1.623943543,"1AAdel"
796,-1.464945535,"1AAdel"
797,-1.73374294,"1AAdel"
798,-1.74065143,"1AAdel"
799,-1.702050145,"1AAdel"
800,-1.389615811,"1AAdel"
801,-1.588506762,"1AAdel"
802,-1.600459096,"1AAdel"
803,-0.117925592,"1AAdel"
804,-1.658167417,"1AAdel"
805,-1.754326858,"1AAdel"
806,-1.588506762,"1AAdel"
807,-1.7091803,"1AAdel"
808,-1.73374294,"1AAdel"
809,-1.680349473,"1AAdel"
810,-1.807231758,"1AAdel"
811,-1.646889101,"1AAdel"
812,-1.658167417,"1AAdel"
813,-1.612270258,"1AAdel"
814,-1.572344793,"1AAdel"
815,-1.580458429,"1AAdel"
816,-2.023589058,"1AAdel"
817,-1.91693068,"1AAdel"
818,-1.986596728,"1AAdel"
819,-1.857477807,"1AAdel"
820,-2.201360726,"1AAdel"
821,-2.212159967,"1AAdel"
822,-2.071699603,"1AAdel"
823,-2.140939664,"1AAdel"
824,-2.321914684,"1AAdel"
825,-2.361542511,"1AAdel"
826,-2.220716169,"1AAdel"
827,-2.484962832,"1AAdel"
828,-2.310297902,"1AAdel"
829,-2.379874831,"1AAdel"
830,-2.207854255,"1AAdel"
831,-2.270570731,"1AAdel"
832,-2.156958314,"1AAdel"
833,-2.201360726,"1AAdel"
834,-2.224966973,"1AAdel"
835,-1.999965911,"1AAdel"
836,-2.220716169,"1AAdel"
837,-2.235515594,"1AAdel"
838,-2.08398477,"1AAdel"
839,-2.288643512,"1AAdel"
840,-2.210009428,"1AAdel"
841,-2.212159967,"1AAdel"
842,-2.129338606,"1AAdel"
843,-2.015776518,"1AAdel"
844,-2.039033381,"1AAdel"
845,-1.919812526,"1AAdel"
846,-1.646889101,"1AAdel"
847,-2.266509811,"1AAdel"
848,-1.962072337,"1AAdel"
849,-1.934098484,"1AAdel"
850,-1.948183224,"1AAdel"
851,-1.959309904,"1AAdel"
852,-2.002618433,"1AAdel"
853,-1.790997635,"1AAdel"
854,-2.147836244,"1AAdel"
855,-2.096120841,"1AAdel"
856,-2.018387485,"1AAdel"
857,-2.131669609,"1AAdel"
858,-1.911141951,"1AAdel"
859,-1.646889101,"1AAdel"
860,NA,"1AAdel"
861,1.439765659,"1AAdel"
862,4.199714968,"1AAdel"
863,-2.666413725,"1AAdel"
864,7.194466303,"1AAdel"
865,7.256648012,"1AAdel"
866,6.189433208,"1AAdel"
867,6.183702692,"1AAdel"
868,6.402254551,"1AAdel"
869,5.955617865,"1AAdel"
870,5.215986624,"1AAdel"
871,4.95562685,"1AAdel"
872,2.35439207,"1AAdel"
873,-1.031798205,"1AAdel"
874,-4.483603699,"1AAdel"
875,-4.758945795,"1AAdel"
876,-4.437263361,"1AAdel"
877,-4.89283529,"1AAdel"
878,-4.669064975,"1AAdel"
879,-4.292945602,"1AAdel"
880,-4.693834044,"1AAdel"
881,-4.699931623,"1AAdel"
882,-4.556363053,"1AAdel"
883,-4.498585252,"1AAdel"
884,-4.380337425,"1AAdel"
885,-4.814670517,"1AAdel"
886,-5.019765998,"1AAdel"
887,-4.207178781,"1AAdel"
888,-4.371934014,"1AAdel"
889,-0.639334306,"1AAdel"
890,-4.584046482,"1AAdel"
891,-4.102370904,"1AAdel"
892,-3.809148651,"1AAdel"
893,-4.542228542,"1AAdel"
894,0.693914731,"1AAdel"
895,-3.972778075,"1AAdel"
896,-4.337595876,"1AAdel"
897,-4.563356088,"1AAdel"
898,-4.413262209,"1AAdel"
899,-4.363459387,"1AAdel"
900,-4.445137418,"1AAdel"
901,-4.753198653,"1AAdel"
902,-4.610984137,"1AAdel"
903,-4.405132083,"1AAdel"
904,-4.113360025,"1AAdel"
905,-4.54932077,"1AAdel"
906,-4.46839428,"1AAdel"
907,-3.934311794,"1AAdel"
908,-3.907820178,"1AAdel"
909,1.005060463,"1AAdel"
910,-4.197178697,"1AAdel"
911,-4.166564061,"1AAdel"
912,NA,"1AAdel"
913,-3.108566492,"1AAdel"
914,-2.79569417,"1AAdel"
915,-2.617445939,"1AAdel"
916,-3.298323027,"1AAdel"
917,NA,"1AAdel"
918,-4.74160432,"1AAdel"
919,-4.974611601,"1AAdel"
920,-4.862298566,"1AAdel"
921,-4.73575635,"1AAdel"
922,-4.346291583,"1AAdel"
923,-4.89283529,"1AAdel"
924,-4.965330792,"1AAdel"
925,-1.194887293,"1AAdel"
926,-0.697201752,"1AAdel"
927,-3.047008599,"1AAdel"
928,-3.221361986,"1AAdel"
929,-3.014747736,"1AAdel"
930,-2.665073988,"1AAdel"
931,-2.911207057,"1AAdel"
932,NA,"1AAdel"
933,-3.247679294,"1AAdel"
934,NA,"1AAdel"
935,-3.047008599,"1AAdel"
936,-2.874165786,"1AAdel"
937,NA,"1AAdel"
938,-2.617445939,"1AAdel"
939,-2.617445939,"1AAdel"
940,-2.874165786,"1AAdel"
941,NA,"1AAdel"
942,-2.874165786,"1AAdel"
943,-3.047008599,"1AAdel"
944,-2.911207057,"1AAdel"
945,-3.108566492,"1AAdel"
946,-3.631261691,"1AAdel"
947,-3.108566492,"1AAdel"
948,-3.166553749,"1AAdel"
949,-3.047008599,"1AAdel"
950,1.374115165,"1AAdel"
951,-3.194333313,"1AAdel"
952,-1.55374797,"1AAdel"
953,NA,"1AAdel"
954,-3.194333313,"1AAdel"
955,-3.478584851,"1AAdel"
956,-3.498993723,"1AAdel"
957,NA,"1AAdel"
958,3.344354412,"1AAdel"
959,3.327058333,"1AAdel"
960,-3.108566492,"1AAdel"
961,-3.108566492,"1AAdel"
962,-4.363459387,"1AAdel"
963,-4.52064497,"1AAdel"
964,-4.723956803,"1AAdel"
965,-4.764660096,"1AAdel"
966,-4.650077063,"1AAdel"
967,-4.57719714,"1AAdel"
968,-4.77034193,"1AAdel"
969,-4.52064497,"1AAdel"
970,-4.758945795,"1AAdel"
971,-4.758945795,"1AAdel"
972,-4.134982489,"1AAdel"
973,-4.764660096,"1AAdel"
974,-4.63072162,"1AAdel"
975,-4.421326769,"1AAdel"
976,-4.687699055,"1AAdel"
977,-5.041600927,"1AAdel"
978,-4.346291583,"1AAdel"
979,-4.505992694,"1AAdel"
980,-4.556363053,"1AAdel"
981,-4.764660096,"1AAdel"
982,-4.491122531,"1AAdel"
983,-4.705992248,"1AAdel"
984,-4.887810153,"1AAdel"
985,-4.887810153,"1AAdel"
986,-4.57719714,"1AAdel"
987,-4.624185649,"1AAdel"
988,-4.877683485,"1AAdel"
989,-4.917589029,"1AAdel"
990,-4.825452292,"1AAdel"
991,-4.792751831,"1AAdel"
992,-4.246208125,"1AAdel"
993,-4.476027905,"1AAdel"
994,-4.872581433,"1AAdel"
995,-4.597606011,"1AAdel"
996,-4.604317446,"1AAdel"
997,-4.405132083,"1AAdel"
998,-4.52064497,"1AAdel"
999,-4.820075935,"1AAdel"
1000,-4.693834044,"1AAdel"
1001,-4.009819346,"1AAdel"
1002,0.823272179,"1AAdel"
1003,0.627007901,"1AAdel"
1004,-3.064281491,"1AAdel"
1005,-4.590849229,"1AAdel"
1006,-4.57719714,"1AAdel"
1007,-1.044403346,"1AAdel"
1008,-4.610984137,"1AAdel"
1009,-4.617606678,"1AAdel"
1010,-4.792751831,"1AAdel"
1011,-4.825452292,"1AAdel"
1012,-4.265166038,"1AAdel"
1013,-4.936960094,"1AAdel"
1014,-4.624185649,"1AAdel"
1015,-4.687699055,"1AAdel"
1016,-4.145620888,"1AAdel"
1017,-4.57719714,"1AAdel"
1018,-4.460701934,"1AAdel"
1019,-4.570300561,"1AAdel"
1020,-4.274511901,"1AAdel"
1021,-3.32271448,"1AAdel"
1022,-4.610984137,"1AAdel"
1023,-4.563356088,"1AAdel"
1024,-3.576702707,"1AAdel"
1025,-4.429326812,"1AAdel"
1026,-3.221361986,"1AAdel"
1027,-4.922467087,"1AAdel"
1028,-4.753198653,"1AAdel"
1029,-4.32882389,"1AAdel"
1030,-4.846673248,"1AAdel"
1031,-4.712016363,"1AAdel"
1032,-5.406663919,"1AAdel"
1033,-4.413262209,"1AAdel"
1034,-4.283771226,"1AAdel"
1035,-4.723956803,"1AAdel"
1036,-4.965330792,"1AAdel"
1037,-4.941744793,"1AAdel"
1038,-4.718004404,"1AAdel"
1039,-4.877683485,"1AAdel"
1040,-4.74160432,"1AAdel"
1041,-4.662775647,"1AAdel"
1042,-4.513345668,"1AAdel"
1043,-4.396935316,"1AAdel"
1044,-4.687699055,"1AAdel"
1045,-4.693834044,"1AAdel"
1046,-4.83611906,"1AAdel"
1047,-4.877683485,"1AAdel"
1048,-4.841410078,"1AAdel"
1049,-4.8978353,"1AAdel"
1050,-4.437263361,"1AAdel"
1051,-4.927321466,"1AAdel"
1052,-4.363459387,"1AAdel"
1053,-4.687699055,"1AAdel"
1054,-4.498585252,"1AAdel"
1055,-4.712016363,"1AAdel"
1056,-5.028557264,"1AAdel"
1057,-4.624185649,"1AAdel"
1058,-4.946506706,"1AAdel"
1059,-4.792751831,"1AAdel"
1060,-4.781609654,"1AAdel"
1061,-4.452949958,"1AAdel"
1062,-4.83611906,"1AAdel"
1063,-4.319974275,"1AAdel"
1064,-4.57719714,"1AAdel"
1065,-4.74741829,"1AAdel"
1066,-4.764660096,"1AAdel"
1067,-4.72987398,"1AAdel"
1068,-4.705992248,"1AAdel"
1069,-4.846673248,"1AAdel"
1070,-4.705992248,"1AAdel"
1071,-4.72987398,"1AAdel"
1072,-4.643666785,"1AAdel"
1073,-4.662775647,"1AAdel"
1074,-4.283771226,"1AAdel"
1075,-4.346291583,"1AAdel"
1076,-4.413262209,"1AAdel"
1077,-4.396935316,"1AAdel"
1078,-4.274511901,"1AAdel"
1079,-4.830799899,"1AAdel"
1080,-4.951246052,"1AAdel"
1081,-4.867453216,"1AAdel"
1082,-4.610984137,"1AAdel"
1083,-5.024171292,"1AAdel"
1084,-4.590849229,"1AAdel"
1085,-4.57719714,"1AAdel"
1086,-4.946506706,"1AAdel"
1087,-4.846673248,"1AAdel"
1088,-4.857117207,"1AAdel"
1089,-4.90776094,"1AAdel"
1090,-4.57719714,"1AAdel"
1091,-4.712016363,"1AAdel"
1092,-4.52064497,"1AAdel"
1093,-5.088022764,"1AAdel"
1094,-4.597606011,"1AAdel"
1095,-4.814670517,"1AAdel"
1096,-4.681526196,"1AAdel"
1097,-4.814670517,"1AAdel"
1098,-4.662775647,"1AAdel"
1099,-4.932152393,"1AAdel"
1100,-4.617606678,"1AAdel"
1101,-4.825452292,"1AAdel"
1102,-4.46839428,"1AAdel"
1103,-4.922467087,"1AAdel"
1104,-4.597606011,"1AAdel"
1105,-4.857117207,"1AAdel"
1106,-4.705992248,"1AAdel"
1107,-4.57719714,"1AAdel"
1108,-4.809235721,"1AAdel"
1109,-4.535085654,"1AAdel"
1110,-4.803771226,"1AAdel"
1111,-4.643666785,"1AAdel"
1112,-5.108431635,"1AAdel"
1113,-4.72987398,"1AAdel"
1114,-4.787196261,"1AAdel"
1115,-4.669064975,"1AAdel"
1116,-4.699931623,"1AAdel"
1117,-4.429326812,"1AAdel"
1118,-4.617606678,"1AAdel"
1119,-4.63721515,"1AAdel"
1120,-4.753198653,"1AAdel"
1121,-4.955963042,"1AAdel"
1122,-4.922467087,"1AAdel"
1123,-5.006432467,"1AAdel"
1124,-4.941744793,"1AAdel"
1125,-4.656446511,"1AAdel"
1126,-4.960657886,"1AAdel"
1127,-4.57719714,"1AAdel"
1128,-4.969981963,"1AAdel"
1129,-4.787196261,"1AAdel"
1130,-5.167272135,"1AAdel"
1131,-4.57719714,"1AAdel"
1132,-4.764660096,"1AAdel"
1133,-4.73575635,"1AAdel"
1134,-4.927321466,"1AAdel"
1135,-4.758945795,"1AAdel"
1136,-4.699931623,"1AAdel"
1137,-4.781609654,"1AAdel"
1138,-4.877683485,"1AAdel"
1139,-4.846673248,"1AAdel"
1140,-4.90776094,"1AAdel"
1141,-4.656446511,"1AAdel"
1142,-5.001948155,"1AAdel"
1143,-4.681526196,"1AAdel"
1144,-5.427436179,"1AAdel"
1145,-5.116479968,"1AAdel"
1146,-5.001948155,"1AAdel"
1147,-4.825452292,"1AAdel"
1148,-4.872581433,"1AAdel"
1149,-4.922467087,"1AAdel"
1150,-4.057165467,"1AAdel"
1151,-4.363459387,"1AAdel"
1152,-5.028557264,"1AAdel"
1153,-4.825452292,"1AAdel"
1154,-5.032924083,"1AAdel"
1155,-4.862298566,"1AAdel"
1156,-4.693834044,"1AAdel"
1157,-4.604317446,"1AAdel"
1158,-4.781609654,"1AAdel"
1159,-4.846673248,"1AAdel"
1160,-5.019765998,"1AAdel"
1161,-5.219231874,"1AAdel"
1162,-4.476027905,"1AAdel"
1163,-4.437263361,"1AAdel"
1164,-4.337595876,"1AAdel"
1165,-4.650077063,"1AAdel"
1166,-4.809235721,"1AAdel"
1167,-5.07557447,"1AAdel"
1168,-4.63721515,"1AAdel"
1169,-4.63072162,"1AAdel"
1170,-4.513345668,"1AAdel"
1171,-4.753198653,"1AAdel"
1172,-4.787196261,"1AAdel"
1173,-4.662775647,"1AAdel"
1174,-3.166553749,"1AAdel"
1175,-4.951246052,"1AAdel"
1176,-4.803771226,"1AAdel"
1177,-4.556363053,"1AAdel"
1178,-4.197178697,"1AAdel"
1179,-4.421326769,"1AAdel"
1180,-4.63721515,"1AAdel"
1181,-4.699931623,"1AAdel"
1182,-4.498585252,"1AAdel"
1183,-4.723956803,"1AAdel"
1184,-3.595221755,"1AAdel"
1185,-4.590849229,"1AAdel"
1186,-4.584046482,"1AAdel"
1187,-4.693834044,"1AAdel"
1188,-4.437263361,"1AAdel"
1189,-4.32882389,"1AAdel"
1190,-4.513345668,"1AAdel"
1191,-4.846673248,"1AAdel"
1192,-4.057165467,"1AAdel"
1193,-4.63072162,"1AAdel"
1194,-4.563356088,"1AAdel"
1195,-4.302036574,"1AAdel"
1196,-4.283771226,"1AAdel"
1197,-4.246208125,"1AAdel"
1198,-4.283771226,"1AAdel"
1199,-4.604317446,"1AAdel"
1200,-4.255732006,"1AAdel"
1201,-4.491122531,"1AAdel"
1202,-4.77034193,"1AAdel"
1203,-5.108431635,"1AAdel"
1204,-4.617606678,"1AAdel"
1205,-4.63721515,"1AAdel"
1206,-4.912687058,"1AAdel"
1207,-4.354912326,"1AAdel"
1208,-4.877683485,"1AAdel"
1209,-4.396935316,"1AAdel"
1210,-4.527891379,"1AAdel"
1211,-4.498585252,"1AAdel"
1212,-4.597606011,"1AAdel"
1213,-4.527891379,"1AAdel"
1214,-4.63072162,"1AAdel"
1215,-4.72987398,"1AAdel"
1216,-4.46839428,"1AAdel"
1217,-4.302036574,"1AAdel"
1218,-4.498585252,"1AAdel"
1219,-4.887810153,"1AAdel"
1220,-4.505992694,"1AAdel"
1221,-4.556363053,"1AAdel"
1222,-4.113360025,"1AAdel"
1223,-4.643666785,"1AAdel"
1224,-4.723956803,"1AAdel"
1225,-4.236592666,"1AAdel"
1226,-4.505992694,"1AAdel"
1227,-4.460701934,"1AAdel"
1228,-4.166564061,"1AAdel"
1229,-4.405132083,"1AAdel"
1230,-4.877683485,"1AAdel"
1231,-4.491122531,"1AAdel"
1232,-4.187077601,"1AAdel"
1233,-4.346291583,"1AAdel"
1234,-4.068659846,"1AAdel"
1235,-4.145620888,"1AAdel"
1236,-4.476027905,"1AAdel"
1237,-3.699664418,"1AAdel"
1238,-4.255732006,"1AAdel"
1239,-4.604317446,"1AAdel"
1240,-4.597606011,"1AAdel"
1241,-4.363459387,"1AAdel"
1242,-4.396935316,"1AAdel"
1243,-4.723956803,"1AAdel"
1244,-4.597606011,"1AAdel"
1245,-4.74160432,"1AAdel"
1246,-4.405132083,"1AAdel"
1247,-4.460701934,"1AAdel"
1248,-4.413262209,"1AAdel"
1249,-4.556363053,"1AAdel"
1250,-4.236592666,"1AAdel"
1251,-4.597606011,"1AAdel"
1252,-3.934311794,"1AAdel"
1253,-4.570300561,"1AAdel"
1254,-4.476027905,"1AAdel"
1255,-4.505992694,"1AAdel"
1256,-4.476027905,"1AAdel"
1257,-4.687699055,"1AAdel"
1258,-4.421326769,"1AAdel"
1259,-4.396935316,"1AAdel"
1260,-4.354912326,"1AAdel"
1261,-4.319974275,"1AAdel"
1262,-4.830799899,"1AAdel"
1263,-4.857117207,"1AAdel"
1264,-4.979219904,"1AAdel"
1265,-5.01089676,"1AAdel"
1266,-4.922467087,"1AAdel"
1267,-4.872581433,"1AAdel"
1268,-5.05020313,"1AAdel"
1269,-4.922467087,"1AAdel"
1270,-4.851908862,"1AAdel"
1271,-4.917589029,"1AAdel"
1272,-5.028557264,"1AAdel"
1273,-4.63072162,"1AAdel"
1274,-5.058731967,"1AAdel"
1275,-4.965330792,"1AAdel"
1276,-5.092137996,"1AAdel"
1277,-4.951246052,"1AAdel"
1278,-4.841410078,"1AAdel"
1279,-4.965330792,"1AAdel"
1280,-5.024171292,"1AAdel"
1281,-4.83611906,"1AAdel"
1282,-5.100318,"1AAdel"
1283,-4.687699055,"1AAdel"
1284,-4.882759638,"1AAdel"
1285,-4.699931623,"1AAdel"
1286,-0.924258177,"1AAdel"
1287,-4.872581433,"1AAdel"
1288,-4.983807068,"1AAdel"
1289,-4.718004404,"1AAdel"
1290,-4.872581433,"1AAdel"
1291,-4.955963042,"1AAdel"
1292,-5.05020313,"1AAdel"
1293,-4.997443643,"1AAdel"
1294,-4.857117207,"1AAdel"
1295,-4.803771226,"1AAdel"
1296,-4.846673248,"1AAdel"
1297,-5.032924083,"1AAdel"
1298,-4.974611601,"1AAdel"
1299,-5.120479974,"1AAdel"
1300,-4.643666785,"1AAdel"
1301,-2.020393854,"1AAdel"
1302,-4.955963042,"1AAdel"
1303,-4.851908862,"1AAdel"
1304,-4.675314996,"1AAdel"
1305,-4.699931623,"1AAdel"
1306,-5.200983193,"1AAdel"
1307,-5.083890526,"1AAdel"
1308,-4.992918748,"1AAdel"
1309,-4.932152393,"1AAdel"
1310,-5.100318,"1AAdel"
1311,-5.120479974,"1AAdel"
1312,-4.656446511,"1AAdel"
1313,-4.917589029,"1AAdel"
1314,-4.846673248,"1AAdel"
1315,-4.955963042,"1AAdel"
1316,-4.787196261,"1AAdel"
1317,-4.758945795,"1AAdel"
1318,-3.215818043,"1AAdel"
1319,-4.723956803,"1AAdel"
1320,-4.764660096,"1AAdel"
1321,-4.718004404,"1AAdel"
1322,-4.955963042,"1AAdel"
1323,-4.872581433,"1AAdel"
1324,-4.862298566,"1AAdel"
1325,-5.019765998,"1AAdel"
1326,-4.902810435,"1AAdel"
1327,-4.803771226,"1AAdel"
1328,-4.650077063,"1AAdel"
1329,-1.14165057,"1AAdel"
1330,-4.887810153,"1AAdel"
1331,-4.946506706,"1AAdel"
1332,-4.792751831,"1AAdel"
1333,-4.917589029,"1AAdel"
1334,-4.902810435,"1AAdel"
1335,-4.877683485,"1AAdel"
1336,-5.019765998,"1AAdel"
1337,-4.72987398,"1AAdel"
1338,-4.90776094,"1AAdel"
1339,-4.792751831,"1AAdel"
1340,-4.681526196,"1AAdel"
1341,-4.809235721,"1AAdel"
1342,-4.857117207,"1AAdel"
1343,-4.846673248,"1AAdel"
1344,-4.882759638,"1AAdel"
1345,-4.960657886,"1AAdel"
1346,-4.74741829,"1AAdel"
1347,-4.675314996,"1AAdel"
1348,-4.643666785,"1AAdel"
1349,-4.77034193,"1AAdel"
1350,-5.237153501,"1AAdel"
1351,NA,"1AAdel"
1352,-5.376220167,"1AAdel"
1353,-4.669064975,"1AAdel"
1354,-4.814670517,"1AAdel"
1355,-5.058731967,"1AAdel"
1356,-4.969981963,"1AAdel"
1357,-4.922467087,"1AAdel"
1358,-4.421326769,"1AAdel"
1359,-4.491122531,"1AAdel"
1360,-4.857117207,"1AAdel"
1361,-4.90776094,"1AAdel"
1362,-4.932152393,"1AAdel"
1363,-5.032924083,"1AAdel"
1364,-5.136321889,"1AAdel"
1365,-4.857117207,"1AAdel"
1366,-5.151916747,"1AAdel"
1367,-0.28805293,"1AAdel"
1368,-0.596669341,"1AAdel"
1369,2.314352138,"1AAdel"
1370,-5.104383047,"1AAdel"
1371,-4.764660096,"1AAdel"
1372,-4.846673248,"1AAdel"
1373,-4.877683485,"1AAdel"
1374,-5.054476641,"1AAdel"
1375,-5.204659667,"1AAdel"
1376,-5.067188677,"1AAdel"
1377,-5.019765998,"1AAdel"
1378,-4.927321466,"1AAdel"
1379,-5.088022764,"1AAdel"
1380,-4.941744793,"1AAdel"
1381,-4.820075935,"1AAdel"
1382,-4.597606011,"1AAdel"
1383,-4.955963042,"1AAdel"
1384,-4.89283529,"1AAdel"
1385,-4.775991662,"1AAdel"
1386,-4.902810435,"1AAdel"
1387,-4.758945795,"1AAdel"
1388,-4.882759638,"1AAdel"
1389,-4.758945795,"1AAdel"
1390,-4.803771226,"1AAdel"
1391,-4.841410078,"1AAdel"
1392,-4.527891379,"1AAdel"
1393,-4.89283529,"1AAdel"
1394,-4.8978353,"1AAdel"
1395,-4.983807068,"1AAdel"
1396,-4.624185649,"1AAdel"
1397,-5.058731967,"1AAdel"
1398,-4.681526196,"1AAdel"
1399,-5.058731967,"1AAdel"
1400,-5.167272135,"1AAdel"
1401,-4.877683485,"1AAdel"
1402,-4.656446511,"1AAdel"
1403,-4.624185649,"1AAdel"
1404,-4.820075935,"1AAdel"
1405,-5.079741143,"1AAdel"
1406,-4.983807068,"1AAdel"
1407,-4.781609654,"1AAdel"
1408,-5.054476641,"1AAdel"
1409,-4.922467087,"1AAdel"
1410,-4.337595876,"1AAdel"
1411,-4.72987398,"1AAdel"
1412,-4.476027905,"1AAdel"
1413,-4.52064497,"1AAdel"
1414,-4.693834044,"1AAdel"
1415,-4.656446511,"1AAdel"
1416,-4.650077063,"1AAdel"
1417,-4.643666785,"1AAdel"
1418,-4.946506706,"1AAdel"
1419,-4.814670517,"1AAdel"
1420,-4.803771226,"1AAdel"
1421,-4.57719714,"1AAdel"
1422,-4.681526196,"1AAdel"
1423,-4.570300561,"1AAdel"
1424,-4.681526196,"1AAdel"
1425,-4.413262209,"1AAdel"
1426,-4.46839428,"1AAdel"
1427,-4.781609654,"1AAdel"
1428,-5.171074421,"1AAdel"
1429,-4.452949958,"1AAdel"
1430,-4.656446511,"1AAdel"
1431,-4.803771226,"1AAdel"
1432,-4.597606011,"1AAdel"
1433,-4.862298566,"1AAdel"
1434,-4.460701934,"1AAdel"
1435,-3.304203612,"1AAdel"
1436,-4.72987398,"1AAdel"
1437,-4.556363053,"1AAdel"
1438,-4.274511901,"1AAdel"
1439,-4.363459387,"1AAdel"
1440,-4.712016363,"1AAdel"
1441,-4.584046482,"1AAdel"
1442,1.834799247,"1AAdel"
1443,1.725378752,"1AAdel"
1444,-1.039710629,"1AAdel"
1445,-4.803771226,"1AAdel"
1446,-4.851908862,"1AAdel"
1447,-4.936960094,"1AAdel"
1448,-4.8978353,"1AAdel"
1449,5.223177388,"1AAdel"
1450,-4.371934014,"1AAdel"
1451,-3.582150889,"1AAdel"
1452,0.587594901,"1AAdel"
1453,6.496777678,"1AAdel"
1454,6.382265052,"1AAdel"
1455,5.381145019,"1AAdel"
1456,-0.327509362,"1AAdel"
1457,-3.907820178,"1AAdel"
1458,-4.90776094,"1AAdel"
1459,-5.962632025,"1AAdel"
1460,-5.554152921,"1AAdel"
1461,-5.609512968,"1AAdel"
1462,-5.436208165,"1AAdel"
1463,-5.70737913,"1AAdel"
1464,-3.877538242,"1AAdel"
1465,-4.073677042,"1AAdel"
1466,-5.360643528,"1AAdel"
1467,-5.561884919,"1AAdel"
1468,-5.527939101,"1AAdel"
1469,-5.786311344,"1AAdel"
1470,-5.487283095,"1AAdel"
1471,-5.57717184,"1AAdel"
1472,-5.767677264,"1AAdel"
1473,-5.376220167,"1AAdel"
1474,-5.506461765,"1AAdel"
1475,-5.418586564,"1AAdel"
1476,-5.409657933,"1AAdel"
1477,-5.487283095,"1AAdel"
1478,-5.584728551,"1AAdel"
1479,-5.503744372,"1AAdel"
1480,-5.487283095,"1AAdel"
1481,-5.322238809,"1AAdel"
1482,-5.709596426,"1AAdel"
1483,-5.299135471,"1AAdel"
1484,-5.397627713,"1AAdel"
1485,-0.829747936,"1AAdel"
1486,-0.631246152,"1AAdel"
1487,-5.511874498,"1AAdel"
1488,-5.851810941,"1AAdel"
1489,-5.444903872,"1AAdel"
1490,-5.447785718,"1AAdel"
1491,-5.654975342,"1AAdel"
1492,-5.71841677,"1AAdel"
1493,-5.773927285,"1AAdel"
1494,-5.363778327,"1AAdel"
1495,-5.597197541,"1AAdel"
1496,-5.597197541,"1AAdel"
1497,-5.611957957,"1AAdel"
1498,-5.616830073,"1AAdel"
1499,-5.691718855,"1AAdel"
1500,-5.226439113,"1AAdel"
1501,-5.626503668,"1AAdel"
1502,-5.376220167,"1AAdel"
1503,-5.647933059,"1AAdel"
1504,-5.45638176,"1AAdel"
1505,-5.514569917,"1AAdel"
1506,-5.341625522,"1AAdel"
1507,-5.490045528,"1AAdel"
1508,-4.792751831,"1AAdel"
1509,-4.83611906,"1AAdel"
1510,-5.354344295,"1AAdel"
1511,-4.753198653,"1AAdel"
1512,-4.803771226,"1AAdel"
1513,-4.74741829,"1AAdel"
1514,-5.211972314,"1AAdel"
1515,-4.862298566,"1AAdel"
1516,-3.682997366,"1AAdel"
1517,-5.037271916,"1AAdel"
1518,-5.124464043,"1AAdel"
1519,-3.866718503,"1AAdel"
1520,NA,"1AAdel"
1521,-4.363459387,"1AAdel"
1522,-4.877683485,"1AAdel"
1523,-5.397627713,"1AAdel"
1524,-4.927321466,"1AAdel"
1525,-5.088022764,"1AAdel"
1526,-5.222841986,"1AAdel"
1527,-5.459230765,"1AAdel"
1528,-5.373124189,"1AAdel"
1529,-5.237153501,"1AAdel"
1530,-5.159623914,"1AAdel"
1531,-5.312402664,"1AAdel"
1532,-4.712016363,"1AAdel"
1533,-5.219231874,"1AAdel"
1534,-4.877683485,"1AAdel"
1535,-5.360643528,"1AAdel"
1536,-5.171074421,"1AAdel"
1537,-5.27548572,"1AAdel"
1538,-4.8978353,"1AAdel"
1539,-4.902810435,"1AAdel"
1540,-5.309102331,"1AAdel"
1541,-5.28568989,"1AAdel"
1542,-5.140243463,"1AAdel"
1543,-5.104383047,"1AAdel"
1544,2.986547248,"1AAdel"
1545,-1.753629253,"1AAdel"
1546,-5.351179735,"1AAdel"
1547,-5.233594778,"1AAdel"
1548,-5.450659283,"1AAdel"
1549,-5.525279524,"1AAdel"
1550,-5.59471615,"1AAdel"
1551,-5.282300056,"1AAdel"
1552,-4.960657886,"1AAdel"
1553,-5.495547605,"1AAdel"
1554,-5.159623914,"1AAdel"
1555,-5.197293152,"1AAdel"
1556,-5.556736902,"1AAdel"
1557,-5.511874498,"1AAdel"
1558,-5.163455337,"1AAdel"
1559,-5.305791069,"1AAdel"
1560,-5.48451301,"1AAdel"
1561,-5.49280035,"1AAdel"
1562,-4.955963042,"1AAdel"
1563,-4.983807068,"1AAdel"
1564,-5.28568989,"1AAdel"
1565,-5.136321889,"1AAdel"
1566,-5.174862305,"1AAdel"
1567,-5.037271916,"1AAdel"
1568,-5.254759589,"1AAdel"
1569,-4.951246052,"1AAdel"
1570,-5.219231874,"1AAdel"
1571,-5.167272135,"1AAdel"
1572,-4.988373286,"1AAdel"
1573,-4.951246052,"1AAdel"
1574,-5.083890526,"1AAdel"
1575,-4.922467087,"1AAdel"
1576,-5.348005129,"1AAdel"
1577,-5.159623914,"1AAdel"
1578,-4.941744793,"1AAdel"
1579,-4.887810153,"1AAdel"
1580,-4.946506706,"1AAdel"
1581,-5.132384876,"1AAdel"
1582,-4.862298566,"1AAdel"
1583,-5.155777756,"1AAdel"
1584,-5.124464043,"1AAdel"
1585,-4.851908862,"1AAdel"
1586,-5.18614062,"1AAdel"
1587,-4.955963042,"1AAdel"
1588,-5.204659667,"1AAdel"
1589,-4.882759638,"1AAdel"
1590,-5.204659667,"1AAdel"
1591,-4.917589029,"1AAdel"
1592,-5.128432302,"1AAdel"
1593,-5.032924083,"1AAdel"
1594,-4.902810435,"1AAdel"
1595,-5.037271916,"1AAdel"
1596,-5.230023346,"1AAdel"
1597,-5.032924083,"1AAdel"
1598,-4.988373286,"1AAdel"
1599,-5.331979145,"1AAdel"
1600,-5.272061059,"1AAdel"
1601,-5.083890526,"1AAdel"
1602,-5.171074421,"1AAdel"
1603,-5.116479968,"1AAdel"
1604,-5.037271916,"1AAdel"
1605,-4.988373286,"1AAdel"
1606,-4.590849229,"1AAdel"
1607,-5.211972314,"1AAdel"
1608,-5.182395297,"1AAdel"
1609,-5.254759589,"1AAdel"
1610,-5.348005129,"1AAdel"
1611,-5.07557447,"1AAdel"
1612,-5.148040773,"1AAdel"
1613,-5.222841986,"1AAdel"
1614,-5.155777756,"1AAdel"
1615,-4.830799899,"1AAdel"
1616,-5.338420391,"1AAdel"
1617,-4.997443643,"1AAdel"
1618,-5.05020313,"1AAdel"
1619,-4.922467087,"1AAdel"
1620,-5.344820413,"1AAdel"
1621,-5.189871967,"1AAdel"
1622,-5.208322675,"1AAdel"
1623,-5.041600927,"1AAdel"
1624,-5.062969261,"1AAdel"
1625,-5.388509108,"1AAdel"
1626,-4.8978353,"1AAdel"
1627,-5.079741143,"1AAdel"
1628,-5.092137996,"1AAdel"
1629,-5.045911278,"1AAdel"
1630,-5.318970832,"1AAdel"
1631,-5.120479974,"1AAdel"
1632,-5.193589444,"1AAdel"
1633,-5.309102331,"1AAdel"
1634,-4.932152393,"1AAdel"
1635,-5.233594778,"1AAdel"
1636,-5.237153501,"1AAdel"
1637,-4.862298566,"1AAdel"
1638,-5.155777756,"1AAdel"
1639,-5.244233176,"1AAdel"
1640,-5.240699604,"1AAdel"
1641,-5.251263082,"1AAdel"
1642,-4.867453216,"1AAdel"
1643,-5.348005129,"1AAdel"
1644,-5.148040773,"1AAdel"
1645,-5.26862463,"1AAdel"
1646,-5.171074421,"1AAdel"
1647,-4.927321466,"1AAdel"
1648,-5.116479968,"1AAdel"
1649,-5.261716139,"1AAdel"
1650,-5.079741143,"1AAdel"
1651,-5.261716139,"1AAdel"
1652,-5.31569214,"1AAdel"
1653,-4.922467087,"1AAdel"
1654,-5.344820413,"1AAdel"
1655,-4.63721515,"1AAdel"
1656,-4.542228542,"1AAdel"
1657,-4.882759638,"1AAdel"
1658,-4.775991662,"1AAdel"
1659,-4.969981963,"1AAdel"
1660,-4.992918748,"1AAdel"
1661,-4.74160432,"1AAdel"
1662,-4.388670806,"1AAdel"
1663,-4.650077063,"1AAdel"
1664,-4.74160432,"1AAdel"
1665,-4.505992694,"1AAdel"
1666,-4.396935316,"1AAdel"
1667,-4.283771226,"1AAdel"
1668,-4.429326812,"1AAdel"
1669,-4.46839428,"1AAdel"
1670,-4.429326812,"1AAdel"
1671,-4.226883852,"1AAdel"
1672,-4.421326769,"1AAdel"
1673,-2.428663116,"1AAdel"
1674,-4.535085654,"1AAdel"
1675,-4.643666785,"1AAdel"
1676,-4.265166038,"1AAdel"
1677,-4.371934014,"1AAdel"
1678,-4.421326769,"1AAdel"
1679,-4.556363053,"1AAdel"
1680,-4.421326769,"1AAdel"
1681,-4.32882389,"1AAdel"
1682,-4.597606011,"1AAdel"
1683,-4.380337425,"1AAdel"
1684,-4.556363053,"1AAdel"
1685,-4.491122531,"1AAdel"
1686,-4.124229698,"1AAdel"
1687,-4.498585252,"1AAdel"
1688,-4.236592666,"1AAdel"
1689,-4.491122531,"1AAdel"
1690,-4.354912326,"1AAdel"
1691,-4.413262209,"1AAdel"
1692,-4.57719714,"1AAdel"
1693,-4.851908862,"1AAdel"
1694,-4.563356088,"1AAdel"
1695,-4.405132083,"1AAdel"
1696,-0.480718226,"1AAdel"
1697,-1.43092482,"1AAdel"
1698,-4.421326769,"1AAdel"
1699,-4.483603699,"1AAdel"
1700,-4.337595876,"1AAdel"
1701,-4.643666785,"1AAdel"
1702,-4.46839428,"1AAdel"
1703,-4.421326769,"1AAdel"
1704,-4.723956803,"1AAdel"
1705,-4.662775647,"1AAdel"
1706,-4.650077063,"1AAdel"
1707,-4.556363053,"1AAdel"
1708,-4.476027905,"1AAdel"
1709,-4.505992694,"1AAdel"
1710,-4.396935316,"1AAdel"
1711,-4.445137418,"1AAdel"
1712,-4.505992694,"1AAdel"
1713,-4.563356088,"1AAdel"
1714,-4.718004404,"1AAdel"
1715,-5.261716139,"1AAdel"
1716,-4.388670806,"1AAdel"
1717,-4.712016363,"1AAdel"
1718,-4.63721515,"1AAdel"
1719,-4.662775647,"1AAdel"
1720,-4.912687058,"1AAdel"
1721,-4.781609654,"1AAdel"
1722,-4.63721515,"1AAdel"
1723,-4.662775647,"1AAdel"
1724,-4.936960094,"1AAdel"
1725,-4.941744793,"1AAdel"
1726,-4.498585252,"1AAdel"
1727,-3.182474446,"1AAdel"
1728,-4.820075935,"1AAdel"
1729,-4.877683485,"1AAdel"
1730,-4.421326769,"1AAdel"
1731,-4.597606011,"1AAdel"
1732,-4.699931623,"1AAdel"
1733,-4.941744793,"1AAdel"
1734,-4.650077063,"1AAdel"
1735,-4.809235721,"1AAdel"
1736,-4.723956803,"1AAdel"
1737,-4.846673248,"1AAdel"
1738,-4.820075935,"1AAdel"
1739,-4.563356088,"1AAdel"
1740,-4.662775647,"1AAdel"
1741,-4.72987398,"1AAdel"
1742,-4.563356088,"1AAdel"
1743,-4.764660096,"1AAdel"
1744,-5.054476641,"1AAdel"
1745,-4.841410078,"1AAdel"
1746,-4.830799899,"1AAdel"
1747,-4.90776094,"1AAdel"
1748,-4.624185649,"1AAdel"
1749,-4.846673248,"1AAdel"
1750,-5.328742897,"1AAdel"
1751,-4.979219904,"1AAdel"
1752,-4.73575635,"1AAdel"
1753,-4.753198653,"1AAdel"
1754,-5.219231874,"1AAdel"
1755,-5.006432467,"1AAdel"
1756,-5.144149718,"1AAdel"
1757,-5.015341212,"1AAdel"
1758,-4.951246052,"1AAdel"
1759,-4.965330792,"1AAdel"
1760,-4.775991662,"1AAdel"
1761,-5.26862463,"1AAdel"
1762,-5.028557264,"1AAdel"
1763,-5.388509108,"1AAdel"
1764,-5.155777756,"1AAdel"
1765,-4.955963042,"1AAdel"
1766,-4.922467087,"1AAdel"
1767,-4.992918748,"1AAdel"
1768,-4.979219904,"1AAdel"
1769,-5.322238809,"1AAdel"
1770,-5.124464043,"1AAdel"
1771,-4.8978353,"1AAdel"
1772,-4.932152393,"1AAdel"
1773,-5.015341212,"1AAdel"
1774,-4.830799899,"1AAdel"
1775,-5.155777756,"1AAdel"
1776,-4.687699055,"1AAdel"
1777,-5.261716139,"1AAdel"
1778,-5.140243463,"1AAdel"
1779,-5.240699604,"1AAdel"
1780,-5.312402664,"1AAdel"
1781,-4.650077063,"1AAdel"
1782,-5.254759589,"1AAdel"
1783,-4.997443643,"1AAdel"
1784,-4.825452292,"1AAdel"
1785,-5.128432302,"1AAdel"
1786,-4.988373286,"1AAdel"
1787,-5.096236362,"1AAdel"
1788,-4.787196261,"1AAdel"
1789,-4.988373286,"1AAdel"
1790,-4.656446511,"1AAdel"
1791,-4.803771226,"1AAdel"
1792,-5.006432467,"1AAdel"
1793,-5.024171292,"1AAdel"
1794,-4.946506706,"1AAdel"
1795,-5.478949713,"1AAdel"
1796,-5.278898693,"1AAdel"
1797,-5.208322675,"1AAdel"
1798,-5.261716139,"1AAdel"
1799,-5.024171292,"1AAdel"
1800,-5.31569214,"1AAdel"
1801,-5.171074421,"1AAdel"
1802,-4.997443643,"1AAdel"
1803,-5.182395297,"1AAdel"
1804,-5.174862305,"1AAdel"
1805,-5.193589444,"1AAdel"
1806,-5.189871967,"1AAdel"
1807,-5.140243463,"1AAdel"
1808,-5.041600927,"1AAdel"
1809,-4.951246052,"1AAdel"
1810,-4.983807068,"1AAdel"
1811,-4.617606678,"1AAdel"
1812,-5.032924083,"1AAdel"
1813,-5.001948155,"1AAdel"
1814,-5.083890526,"1AAdel"
1815,-5.07557447,"1AAdel"
1816,-4.936960094,"1AAdel"
1817,-5.092137996,"1AAdel"
1818,-4.63721515,"1AAdel"
1819,-4.917589029,"1AAdel"
1820,-5.148040773,"1AAdel"
1821,-5.071390364,"1AAdel"
1822,-5.197293152,"1AAdel"
1823,-5.174862305,"1AAdel"
1824,-4.983807068,"1AAdel"
1825,-5.037271916,"1AAdel"
1826,-5.167272135,"1AAdel"
1827,-5.370018597,"1AAdel"
1828,-5.045911278,"1AAdel"
1829,-5.254759589,"1AAdel"
1830,-5.240699604,"1AAdel"
1831,-5.144149718,"1AAdel"
1832,-5.292435278,"1AAdel"
1833,-4.969981963,"1AAdel"
1834,-4.983807068,"1AAdel"
1835,-5.054476641,"1AAdel"
1836,-5.370018597,"1AAdel"
1837,-5.478949713,"1AAdel"
1838,-4.988373286,"1AAdel"
1839,-5.120479974,"1AAdel"
1840,-5.240699604,"1AAdel"
1841,-5.178635894,"1AAdel"
1842,-5.124464043,"1AAdel"
1843,-5.062969261,"1AAdel"
1844,-4.946506706,"1AAdel"
1845,-5.019765998,"1AAdel"
1846,-5.124464043,"1AAdel"
1847,-4.969981963,"1AAdel"
1848,-5.397627713,"1AAdel"
1849,-5.01089676,"1AAdel"
1850,-5.237153501,"1AAdel"
1851,-5.219231874,"1AAdel"
1852,-4.857117207,"1AAdel"
1853,-4.73575635,"1AAdel"
1854,-5.019765998,"1AAdel"
1855,-4.89283529,"1AAdel"
1856,-5.054476641,"1AAdel"
1857,-5.559314223,"1AAdel"
1858,NA,"1AAdel"
1859,-5.351179735,"1AAdel"
1860,-5.079741143,"1AAdel"
1861,-5.088022764,"1AAdel"
1862,-4.63721515,"1AAdel"
1863,-5.024171292,"1AAdel"
1864,-5.015341212,"1AAdel"
1865,-4.872581433,"1AAdel"
1866,-4.902810435,"1AAdel"
1867,-5.312402664,"1AAdel"
1868,-5.527939101,"1AAdel"
1869,-5.814624661,"1AAdel"
1870,-5.062969261,"1AAdel"
1871,-4.902810435,"1AAdel"
1872,-5.001948155,"1AAdel"
1873,-4.681526196,"1AAdel"
1874,-4.74741829,"1AAdel"
1875,-4.960657886,"1AAdel"
1876,-5.019765998,"1AAdel"
1877,-4.902810435,"1AAdel"
1878,-5.543749707,"1AAdel"
1879,-5.18614062,"1AAdel"
1880,-5.289068272,"1AAdel"
1881,-5.247754307,"1AAdel"
1882,-5.478949713,"1AAdel"
1883,-4.965330792,"1AAdel"
1884,-4.917589029,"1AAdel"
1885,-5.144149718,"1AAdel"
1886,-5.155777756,"1AAdel"
1887,-5.001948155,"1AAdel"
1888,-5.136321889,"1AAdel"
1889,-4.955963042,"1AAdel"
1890,-4.877683485,"1AAdel"
1891,-4.932152393,"1AAdel"
1892,-5.041600927,"1AAdel"
1893,-4.997443643,"1AAdel"
1894,-5.124464043,"1AAdel"
1895,-5.312402664,"1AAdel"
1896,-4.643666785,"1AAdel"
1897,-4.83611906,"1AAdel"
1898,-4.992918748,"1AAdel"
1899,-4.946506706,"1AAdel"
1900,-4.758945795,"1AAdel"
1901,-4.936960094,"1AAdel"
1902,-4.89283529,"1AAdel"
1903,-4.693834044,"1AAdel"
1904,-5.058731967,"1AAdel"
1905,-4.792751831,"1AAdel"
1906,-4.851908862,"1AAdel"
1907,-3.457882012,"1AAdel"
1908,-4.960657886,"1AAdel"
1909,-5.18614062,"1AAdel"
1910,-4.89283529,"1AAdel"
1911,-5.062969261,"1AAdel"
1912,-5.01089676,"1AAdel"
1913,-4.8978353,"1AAdel"
1914,-4.932152393,"1AAdel"
1915,-5.247754307,"1AAdel"
1916,-4.857117207,"1AAdel"
1917,-4.877683485,"1AAdel"
1918,-4.882759638,"1AAdel"
1919,-4.979219904,"1AAdel"
1920,-4.718004404,"1AAdel"
1921,-5.132384876,"1AAdel"
1922,-4.851908862,"1AAdel"
1923,-4.758945795,"1AAdel"
1924,-4.63072162,"1AAdel"
1925,-4.73575635,"1AAdel"
1926,-4.699931623,"1AAdel"
1927,-5.083890526,"1AAdel"
1928,-4.72987398,"1AAdel"
1929,-4.476027905,"1AAdel"
1930,-4.723956803,"1AAdel"
1931,-4.960657886,"1AAdel"
1932,-4.851908862,"1AAdel"
1933,-4.960657886,"1AAdel"
1934,-4.781609654,"1AAdel"
1935,-4.675314996,"1AAdel"
1936,-4.758945795,"1AAdel"
1937,-4.857117207,"1AAdel"
1938,-4.687699055,"1AAdel"
1939,-4.77034193,"1AAdel"
1940,-4.83611906,"1AAdel"
1941,-4.979219904,"1AAdel"
1942,-5.171074421,"1AAdel"
1943,-4.867453216,"1AAdel"
1944,-4.624185649,"1AAdel"
1945,-4.846673248,"1AAdel"
1946,-4.656446511,"1AAdel"
1947,-4.936960094,"1AAdel"
1948,-4.656446511,"1AAdel"
1949,-5.140243463,"1AAdel"
1950,-5.354344295,"1AAdel"
1951,-5.144149718,"1AAdel"
1952,-5.079741143,"1AAdel"
1953,-4.846673248,"1AAdel"
1954,-5.088022764,"1AAdel"
1955,-5.079741143,"1AAdel"
1956,-5.015341212,"1AAdel"
1957,-5.092137996,"1AAdel"
1958,-5.208322675,"1AAdel"
1959,-5.067188677,"1AAdel"
1960,-5.148040773,"1AAdel"
1961,-5.174862305,"1AAdel"
1962,-5.478949713,"1AAdel"
1963,-4.997443643,"1AAdel"
1964,-5.197293152,"1AAdel"
1965,-5.230023346,"1AAdel"
1966,-5.159623914,"1AAdel"
1967,-5.144149718,"1AAdel"
1968,-5.211972314,"1AAdel"
1969,-5.292435278,"1AAdel"
1970,-5.222841986,"1AAdel"
1971,-5.424495,"1AAdel"
1972,-5.054476641,"1AAdel"
1973,-5.222841986,"1AAdel"
1974,-5.299135471,"1AAdel"
1975,-5.328742897,"1AAdel"
1976,-5.18614062,"1AAdel"
1977,-5.200983193,"1AAdel"
1978,-5.019765998,"1AAdel"
1979,-5.015341212,"1AAdel"
1980,-5.096236362,"1AAdel"
1981,-5.261716139,"1AAdel"
1982,-5.07557447,"1AAdel"
1983,-5.278898693,"1AAdel"
1984,-5.01089676,"1AAdel"
1985,-5.067188677,"1AAdel"
1986,-5.006432467,"1AAdel"
1987,-5.001948155,"1AAdel"
1988,-5.067188677,"1AAdel"
1989,-4.8978353,"1AAdel"
1990,-5.144149718,"1AAdel"
1991,-4.867453216,"1AAdel"
1992,-4.936960094,"1AAdel"
1993,-4.965330792,"1AAdel"
1994,-5.163455337,"1AAdel"
1995,-5.067188677,"1AAdel"
1996,-5.092137996,"1AAdel"
1997,-5.208322675,"1AAdel"
1998,-4.535085654,"1AAdel"
1999,-4.872581433,"1AAdel"
2000,-4.46839428,"1AAdel"
2001,-4.8978353,"1AAdel"
2002,-4.687699055,"1AAdel"
2003,-4.951246052,"1AAdel"
2004,-4.718004404,"1AAdel"
2005,-4.669064975,"1AAdel"
2006,-4.764660096,"1AAdel"
2007,-4.83611906,"1AAdel"
2008,-4.902810435,"1AAdel"
2009,-4.693834044,"1AAdel"
2010,-5.037271916,"1AAdel"
2011,-4.781609654,"1AAdel"
2012,-0.292082375,"1AAdel"
2013,-1.214960702,"1AAdel"
2014,-4.54932077,"1AAdel"
2015,-4.396935316,"1AAdel"
2016,-4.723956803,"1AAdel"
2017,-4.936960094,"1AAdel"
2018,-4.452949958,"1AAdel"
2019,-4.867453216,"1AAdel"
2020,-4.820075935,"1AAdel"
2021,-4.617606678,"1AAdel"
2022,-4.74160432,"1AAdel"
2023,-4.758945795,"1AAdel"
2024,-4.798276707,"1AAdel"
2025,-5.151916747,"1AAdel"
2026,-4.77034193,"1AAdel"
2027,-4.604317446,"1AAdel"
2028,-4.669064975,"1AAdel"
2029,-4.960657886,"1AAdel"
2030,-4.669064975,"1AAdel"
2031,-4.753198653,"1AAdel"
2032,-4.675314996,"1AAdel"
2033,-4.693834044,"1AAdel"
2034,-4.675314996,"1AAdel"
2035,-5.282300056,"1AAdel"
2036,NA,"1AAdel"
2037,-5.204659667,"1AAdel"
2038,-4.604317446,"1AAdel"
2039,-4.74160432,"1AAdel"
2040,-5.028557264,"1AAdel"
2041,-4.927321466,"1AAdel"
2042,-4.527891379,"1AAdel"
2043,-5.132384876,"1AAdel"
2044,-4.877683485,"1AAdel"
2045,-4.988373286,"1AAdel"
2046,-4.89283529,"1AAdel"
2047,-4.932152393,"1AAdel"
2048,-5.092137996,"1AAdel"
2049,-5.382383515,"1AAdel"
2050,-4.983807068,"1AAdel"
2051,-5.071390364,"1AAdel"
2052,-5.112463899,"1AAdel"
2053,-5.233594778,"1AAdel"
2054,-4.912687058,"1AAdel"
2055,-4.917589029,"1AAdel"
2056,-5.058731967,"1AAdel"
2057,-4.988373286,"1AAdel"
2058,-5.032924083,"1AAdel"
2059,-4.867453216,"1AAdel"
2060,-4.862298566,"1AAdel"
2061,-4.951246052,"1AAdel"
2062,-4.723956803,"1AAdel"
2063,-4.820075935,"1AAdel"
2064,-4.946506706,"1AAdel"
2065,-5.07557447,"1AAdel"
2066,-4.992918748,"1AAdel"
2067,-4.89283529,"1AAdel"
2068,-4.825452292,"1AAdel"
2069,-4.669064975,"1AAdel"
2070,-4.803771226,"1AAdel"
2071,-5.088022764,"1AAdel"
2072,-4.872581433,"1AAdel"
2073,-4.841410078,"1AAdel"
2074,-5.079741143,"1AAdel"
2075,-4.74160432,"1AAdel"
2076,-4.723956803,"1AAdel"
2077,-4.912687058,"1AAdel"
2078,-5.045911278,"1AAdel"
2079,-5.067188677,"1AAdel"
2080,-4.803771226,"1AAdel"
2081,-5.028557264,"1AAdel"
2082,-4.781609654,"1AAdel"
2083,-5.054476641,"1AAdel"
2084,-5.104383047,"1AAdel"
2085,-4.820075935,"1AAdel"
2086,-4.955963042,"1AAdel"
2087,-5.116479968,"1AAdel"
2088,-4.72987398,"1AAdel"
2089,-4.675314996,"1AAdel"
2090,-5.024171292,"1AAdel"
2091,-5.230023346,"1AAdel"
2092,-5.116479968,"1AAdel"
2093,-5.028557264,"1AAdel"
2094,-4.955963042,"1AAdel"
2095,-4.887810153,"1AAdel"
2096,-4.217079852,"1AAdel"
2097,-4.197178697,"1AAdel"
2098,-4.102370904,"1AAdel"
2099,-4.068659846,"1AAdel"
2100,-4.021867685,"1AAdel"
2101,-4.217079852,"1AAdel"
2102,-4.156147301,"1AAdel"
2103,-4.009819346,"1AAdel"
2104,-4.068659846,"1AAdel"
2105,-4.166564061,"1AAdel"
2106,-4.217079852,"1AAdel"
2107,-3.666047807,"1AAdel"
2108,-4.176873431,"1AAdel"
2109,-4.246208125,"1AAdel"
2110,-3.934311794,"1AAdel"
2111,-4.134982489,"1AAdel"
2112,-3.997624073,"1AAdel"
2113,-3.498993723,"1AAdel"
2114,-4.145620888,"1AAdel"
2115,-4.255732006,"1AAdel"
2116,-4.283771226,"1AAdel"
2117,-4.274511901,"1AAdel"
2118,-3.985278238,"1AAdel"
2119,-4.265166038,"1AAdel"
2120,-4.091259678,"1AAdel"
2121,-4.217079852,"1AAdel"
2122,-3.478584851,"1AAdel"
2123,-4.255732006,"1AAdel"
2124,-4.057165467,"1AAdel"
2125,-4.498585252,"1AAdel"
2126,-4.197178697,"1AAdel"
2127,-4.102370904,"1AAdel"
2128,-3.907820178,"1AAdel"
2129,-3.997624073,"1AAdel"
2130,-4.413262209,"1AAdel"
2131,-4.207178781,"1AAdel"
2132,-3.779071196,"1AAdel"
2133,-4.846673248,"1AAdel"
2134,-4.091259678,"1AAdel"
2135,-4.166564061,"1AAdel"
2136,-4.009819346,"1AAdel"
2137,-4.274511901,"1AAdel"
2138,-4.187077601,"1AAdel"
2139,-4.380337425,"1AAdel"
2140,-4.057165467,"1AAdel"
2141,-4.187077601,"1AAdel"
2142,-4.197178697,"1AAdel"
2143,-4.145620888,"1AAdel"
2144,-4.068659846,"1AAdel"
2145,-3.498993723,"1AAdel"
2146,-3.457750764,"1AAdel"
2147,-3.221361986,"1AAdel"
2148,-3.631261691,"1AAdel"
2149,-3.716058228,"1AAdel"
2150,-3.838347806,"1AAdel"
2151,0.495682997,"1AAdel"
2152,0.394107485,"1AAdel"
2153,-3.682997366,"1AAdel"
2154,-3.538602861,"1AAdel"
2155,-3.457750764,"1AAdel"
2156,-3.648806001,"1AAdel"
2157,-3.538602861,"1AAdel"
2158,-3.823854798,"1AAdel"
2159,-3.392510242,"1AAdel"
2160,-3.369781991,"1AAdel"
2161,-3.392510242,"1AAdel"
2162,-3.972778075,"1AAdel"
2163,-3.631261691,"1AAdel"
2164,-3.436473366,"1AAdel"
2165,-3.613404074,"1AAdel"
2166,-3.838347806,"1AAdel"
2167,-3.557834223,"1AAdel"
2168,-3.576702707,"1AAdel"
2169,-4.057165467,"1AAdel"
2170,-3.648806001,"1AAdel"
2171,-3.960119678,"1AAdel"
2172,-4.033772587,"1AAdel"
2173,-3.699664418,"1AAdel"
2174,-4.380337425,"1AAdel"
2175,-3.838347806,"1AAdel"
2176,-3.763686277,"1AAdel"
2177,-3.921153709,"1AAdel"
2178,-4.102370904,"1AAdel"
2179,-4.483603699,"1AAdel"
2180,-4.255732006,"1AAdel"
2181,-4.145620888,"1AAdel"
2182,-4.176873431,"1AAdel"
2183,-4.226883852,"1AAdel"
2184,-4.311045644,"1AAdel"
2185,-4.217079852,"1AAdel"
2186,-4.319974275,"1AAdel"
2187,-3.682997366,"1AAdel"
2188,-4.197178697,"1AAdel"
2189,-3.880607615,"1AAdel"
2190,-4.236592666,"1AAdel"
2191,-3.763686277,"1AAdel"
2192,-3.518994389,"1AAdel"
2193,-3.997624073,"1AAdel"
