"insertion","RepA_score","RepB_score","RepC_score","indel","dataset"
"p.(1handle)",-4.955752509,-4.440084449,-4.490880676,1,"handle"
"p.(2handle)",-5.169183619,-4.65351556,-4.704311786,2,"handle"
"p.(3handle)",-5.054773268,-4.539105209,-4.589901435,3,"handle"
"p.(4handle)",-4.826284367,-4.310616308,-4.361412534,4,"handle"
"p.(5handle)",-4.684051108,-4.168383049,-4.219179275,5,"handle"
"p.(6handle)",-5.050273823,-4.534605763,-4.58540199,6,"handle"
"p.(7handle)",-5.027467817,-4.511799758,-4.562595984,7,"handle"
"p.(8handle)",-4.737861557,-4.222193498,-4.272989724,8,"handle"
"p.(9handle)",-4.859574542,-4.343906483,-4.394702709,9,"handle"
"p.(10handle)",-4.734775135,-4.219107076,-4.269903302,10,"handle"
"p.(11handle)",-4.670957631,-4.155289572,-4.206085799,11,"handle"
"p.(12handle)",-4.592149746,-4.076481687,-4.127277913,12,"handle"
"p.(13handle)",-4.577786842,-4.062118783,-4.112915009,13,"handle"
"p.(14handle)",-4.670957631,-4.155289572,-4.206085799,14,"handle"
"p.(15handle)",-4.522010304,-4.006342245,-4.057138472,15,"handle"
"p.(16handle)",-4.548426935,-4.032758876,-4.083555102,16,"handle"
"p.(17handle)",-4.323885759,-3.8082177,-3.859013927,17,"handle"
"p.(18handle)",-4.205228215,-3.689560156,-3.740356383,18,"handle"
"p.(19handle)",-4.246365121,-3.730697062,-3.781493288,19,"handle"
"p.(20handle)",-4.364987435,-3.849319376,-3.900115602,20,"handle"
"p.(21handle)",-4.2311364,-3.715468341,-3.766264568,21,"handle"
"p.(22handle)",-4.194674028,-3.679005969,-3.729802195,22,"handle"
"p.(23handle)",-4.475034936,-3.959366877,-4.010163103,23,"handle"
"p.(24handle)",-4.07057133,-3.554903271,-3.605699498,24,"handle"
"p.(25handle)",-4.281022055,-3.765353996,-3.816150222,25,"handle"
"p.(26handle)",-4.404466246,-3.888798187,-3.939594413,26,"handle"
"p.(27handle)",-4.076559372,-3.560891313,-3.611687539,27,"handle"
"p.(28handle)",-3.928855528,-3.413187469,-3.463983696,28,"handle"
"p.(29handle)",-4.145751229,-3.63008317,-3.680879396,29,"handle"
"p.(30handle)",-3.976161646,-3.460493587,-3.511289813,30,"handle"
"p.(31handle)",-4.040081163,-3.524413104,-3.575209331,31,"handle"
"p.(32handle)",-4.145751229,-3.63008317,-3.680879396,32,"handle"
"p.(33handle)",-4.387112231,-3.871444172,-3.922240398,33,"handle"
"p.(34handle)",-3.907875738,-3.392207679,-3.443003905,34,"handle"
"p.(35handle)",-4.29070736,-3.775039301,-3.825835528,35,"handle"
"p.(36handle)",-4.29070736,-3.775039301,-3.825835528,36,"handle"
"p.(37handle)",-4.337774871,-3.822106812,-3.872903039,37,"handle"
"p.(38handle)",-4.387112231,-3.871444172,-3.922240398,38,"handle"
"p.(39handle)",-4.220853533,-3.705185474,-3.755981701,39,"handle"
"p.(40handle)",-4.199965045,-3.684296986,-3.735093213,40,"handle"
"p.(41handle)",-4.305061674,-3.789393615,-3.840189841,41,"handle"
"p.(42handle)",-4.226008184,-3.710340125,-3.761136351,42,"handle"
"p.(43handle)",-4.261365402,-3.745697343,-3.79649357,43,"handle"
"p.(44handle)",-4.60981805,-4.094149991,-4.144946217,44,"handle"
"p.(45handle)",-4.210463829,-3.69479577,-3.745591997,45,"handle"
"p.(46handle)",-4.360503122,-3.844835063,-3.89563129,46,"handle"
"p.(47handle)",-4.151306799,-3.635638739,-3.686434966,47,"handle"
"p.(48handle)",-4.189354866,-3.673686807,-3.724483034,48,"handle"
"p.(49handle)",-4.094311318,-3.578643258,-3.629439485,49,"handle"
"p.(50handle)",-3.995770117,-3.480102058,-3.530898284,50,"handle"
"p.(51handle)",-4.314518009,-3.79884995,-3.849646177,51,"handle"
"p.(52handle)",-4.199965045,-3.684296986,-3.735093213,52,"handle"
"p.(53handle)",-4.236238452,-3.720570393,-3.771366619,53,"handle"
"p.(54handle)",-3.795818329,-3.28015027,-3.330946496,54,"handle"
"p.(55handle)",-3.914918021,-3.399249961,-3.450046188,55,"handle"
"p.(56handle)",-4.100159287,-3.584491228,-3.635287455,56,"handle"
"p.(57handle)",-4.040081163,-3.524413104,-3.575209331,57,"handle"
"p.(58handle)",-3.864547661,-3.348879602,-3.399675828,58,"handle"
"p.(59handle)",-3.893640622,-3.377972563,-3.428768789,59,"handle"
"p.(60handle)",-4.205228215,-3.689560156,-3.740356383,60,"handle"
"p.(61handle)",-4.29070736,-3.775039301,-3.825835528,61,"handle"
"p.(62handle)",-4.276143996,-3.760475937,-3.811272164,62,"handle"
"p.(63handle)",-4.052389011,-3.536720952,-3.587517178,63,"handle"
"p.(64handle)",-4.295515062,-3.779847003,-3.830643229,64,"handle"
"p.(65handle)",-4.256390268,-3.740722208,-3.791518435,65,"handle"
"p.(66handle)",-4.040081163,-3.524413104,-3.575209331,66,"handle"
"p.(67handle)",-3.886446346,-3.370778287,-3.421574514,67,"handle"
"p.(68handle)",-4.241314605,-3.725646546,-3.776442772,68,"handle"
"p.(69handle)",-3.942601449,-3.42693339,-3.477729617,69,"handle"
"p.(70handle)",-4.002221752,-3.486553693,-3.53734992,70,"handle"
"p.(71handle)",-4.167790688,-3.652122629,-3.702918856,71,"handle"
"p.(72handle)",-4.210463829,-3.69479577,-3.745591997,72,"handle"
"p.(73handle)",-4.07057133,-3.554903271,-3.605699498,73,"handle"
"p.(74handle)",-4.040081163,-3.524413104,-3.575209331,74,"handle"
"p.(75handle)",-4.266315907,-3.750647848,-3.801444075,75,"handle"
"p.(76handle)",-4.251390257,-3.735722198,-3.786518424,76,"handle"
"p.(77handle)",-4.285876433,-3.770208374,-3.821004601,77,"handle"
"p.(78handle)",-5.444020785,-4.928352726,-4.979148952,78,"handle"
"p.(79handle)",-5.395724795,-4.880056736,-4.930852962,79,"handle"
"p.(80handle)",-5.244363517,-4.728695458,-4.779491685,80,"handle"
"p.(81handle)",-5.409988111,-4.894320052,-4.945116279,81,"handle"
"p.(82handle)",-4.894430618,-4.378762559,-4.429558785,82,"handle"
"p.(83handle)",-5.132482252,-4.616814193,-4.667610419,83,"handle"
"p.(84handle)",-4.706560097,-4.190892038,-4.241688264,84,"handle"
"p.(85handle)",-4.803458839,-4.28779078,-4.338587007,85,"handle"
"p.(86handle)",-4.928112558,-4.412444499,-4.463240725,86,"handle"
"p.(87handle)",-4.985058635,-4.469390576,-4.520186802,87,"handle"
"p.(88handle)",-4.873124885,-4.357456826,-4.408253052,88,"handle"
"p.(89handle)",-4.823459506,-4.307791447,-4.358587673,89,"handle"
"p.(90handle)",-4.623731318,-4.108063259,-4.158859485,90,"handle"
"p.(91handle)",-4.728573564,-4.212905505,-4.263701732,91,"handle"
"p.(92handle)",-4.797670111,-4.282002052,-4.332798279,92,"handle"
"p.(93handle)",-4.883834492,-4.368166433,-4.418962659,93,"handle"
"p.(94handle)",-4.709734703,-4.194066644,-4.24486287,94,"handle"
"p.(95handle)",-4.544695587,-4.029027528,-4.079823754,95,"handle"
"p.(96handle)",-4.616798881,-4.101130822,-4.151927048,96,"handle"
"p.(97handle)",-4.588578313,-4.072910254,-4.123706481,97,"handle"
"p.(98handle)",-4.680793776,-4.165125717,-4.215921944,98,"handle"
"p.(99handle)",-4.750112859,-4.2344448,-4.285241026,99,"handle"
"p.(100handle)",-4.634040687,-4.118372628,-4.169168855,100,"handle"
"p.(101handle)",-4.378320966,-3.862652907,-3.913449133,101,"handle"
"p.(102handle)",-4.369451728,-3.853783669,-3.904579895,102,"handle"
"p.(103handle)",-4.820626643,-4.304958584,-4.35575481,103,"handle"
"p.(104handle)",-4.634040687,-4.118372628,-4.169168855,104,"handle"
"p.(105handle)",-4.400155894,-3.884487835,-3.935284062,105,"handle"
"p.(106handle)",-4.400155894,-3.884487835,-3.935284062,106,"handle"
"p.(107handle)",-4.518178882,-4.002510823,-4.053307049,107,"handle"
"p.(108handle)",-4.709734703,-4.194066644,-4.24486287,108,"handle"
"p.(109handle)",-4.703375381,-4.187707322,-4.238503548,109,"handle"
"p.(110handle)",-4.2311364,-3.715468341,-3.766264568,110,"handle"
"p.(111handle)",-4.634040687,-4.118372628,-4.169168855,111,"handle"
"p.(112handle)",-4.140164622,-3.624496563,-3.675292789,112,"handle"
"p.(113handle)",-4.479034941,-3.963366882,-4.014163109,113,"handle"
"p.(114handle)",-4.45479133,-3.939123271,-3.989919497,114,"handle"
"p.(115handle)",-4.241314605,-3.725646546,-3.776442772,115,"handle"
"p.(116handle)",-4.337774871,-3.822106812,-3.872903039,116,"handle"
"p.(117handle)",-4.18400726,-3.668339201,-3.719135427,117,"handle"
"p.(118handle)",-4.11175362,-3.596085561,-3.646881788,118,"handle"
"p.(119handle)",-4.413031609,-3.89736355,-3.948159776,119,"handle"
"p.(120handle)",-4.323885759,-3.8082177,-3.859013927,120,"handle"
"p.(121handle)",-4.145751229,-3.63008317,-3.680879396,121,"handle"
"p.(122handle)",-3.989276588,-3.473608529,-3.524404755,122,"handle"
"p.(123handle)",-4.404466246,-3.888798187,-3.939594413,123,"handle"
"p.(124handle)",-4.425743644,-3.910075585,-3.960871812,124,"handle"
"p.(125handle)",-4.261365402,-3.745697343,-3.79649357,125,"handle"
"p.(126handle)",-4.563214635,-4.047546576,-4.098342802,126,"handle"
"p.(127handle)",-4.295515062,-3.779847003,-3.830643229,127,"handle"
"p.(128handle)",-4.295515062,-3.779847003,-3.830643229,128,"handle"
"p.(129handle)",-4.400155894,-3.884487835,-3.935284062,129,"handle"
"p.(130handle)",-4.634040687,-4.118372628,-4.169168855,130,"handle"
"p.(131handle)",-3.819256902,-3.303588843,-3.354385069,131,"handle"
"p.(132handle)",-4.703375381,-4.187707322,-4.238503548,132,"handle"
"p.(133handle)",-4.731679157,-4.216011098,-4.266807324,133,"handle"
"p.(134handle)",-4.194674028,-3.679005969,-3.729802195,134,"handle"
"p.(135handle)",-4.462938014,-3.947269955,-3.998066182,135,"handle"
"p.(136handle)",-4.408758098,-3.893090039,-3.943886265,136,"handle"
"p.(137handle)",-4.364987435,-3.849319376,-3.900115602,137,"handle"
"p.(138handle)",-4.266315907,-3.750647848,-3.801444075,138,"handle"
"p.(139handle)",-4.256390268,-3.740722208,-3.791518435,139,"handle"
"p.(140handle)",-4.162326194,-3.646658135,-3.697454361,140,"handle"
"p.(141handle)",-4.323885759,-3.8082177,-3.859013927,141,"handle"
"p.(142handle)",-3.738892392,-3.223224333,-3.27402056,142,"handle"
"p.(143handle)",-4.094311318,-3.578643258,-3.629439485,143,"handle"
"p.(144handle)",-4.140164622,-3.624496563,-3.675292789,144,"handle"
"p.(145handle)",-4.466986603,-3.951318544,-4.00211477,145,"handle"
"p.(146handle)",-3.713467294,-3.197799235,-3.248595461,146,"handle"
"p.(147handle)",-4.319212853,-3.803544794,-3.854341021,147,"handle"
"p.(148handle)",-4.021330614,-3.505662555,-3.556458781,148,"handle"
"p.(149handle)",-4.145751229,-3.63008317,-3.680879396,149,"handle"
"p.(150handle)",-3.595147634,-3.079479574,-3.130275801,150,"handle"
"p.(151handle)",-4.693759922,-4.178091863,-4.22888809,151,"handle"
"p.(152handle)",-4.606309274,-4.090641215,-4.141437442,152,"handle"
"p.(153handle)",-4.123215064,-3.607547005,-3.658343231,153,"handle"
"p.(154handle)",-4.309801019,-3.79413296,-3.844929187,154,"handle"
"p.(155handle)",-4.314518009,-3.79884995,-3.849646177,155,"handle"
"p.(156handle)",-4.323885759,-3.8082177,-3.859013927,156,"handle"
"p.(157handle)",-4.378320966,-3.862652907,-3.913449133,157,"handle"
"p.(158handle)",-5.16717961,-4.651511551,-4.702307778,158,"handle"
"p.(159handle)",-4.75920383,-4.243535771,-4.294331998,159,"handle"
"p.(160handle)",-4.680793776,-4.165125717,-4.215921944,160,"handle"
"p.(161handle)",-4.634040687,-4.118372628,-4.169168855,161,"handle"
"p.(162handle)",-4.728573564,-4.212905505,-4.263701732,162,"handle"
"p.(163handle)",-4.935726808,-4.420058749,-4.470854975,163,"handle"
"p.(164handle)",-4.762215881,-4.246547822,-4.297344048,164,"handle"
"p.(165handle)",-4.450692963,-3.935024904,-3.985821131,165,"handle"
"p.(166handle)",-4.674247108,-4.158579049,-4.209375275,166,"handle"
"p.(167handle)",-4.82910127,-4.313433211,-4.364229437,167,"handle"
"p.(168handle)",-4.706560097,-4.190892038,-4.241688264,168,"handle"
"p.(169handle)",-5.255443963,-4.739775904,-4.790572131,169,"handle"
"p.(170handle)",-4.867726761,-4.352058702,-4.402854929,170,"handle"
"p.(171handle)",-5.173179628,-4.657511569,-4.708307796,171,"handle"
"p.(172handle)",-4.910117214,-4.394449155,-4.445245381,172,"handle"
"p.(173handle)",-4.783049968,-4.267381909,-4.318178135,173,"handle"
"p.(174handle)",-4.395826883,-3.880158824,-3.930955051,174,"handle"
"p.(175handle)",-4.831910261,-4.316242202,-4.367038428,175,"handle"
"p.(176handle)",-4.812079582,-4.296411523,-4.34720775,176,"handle"
"p.(177handle)",-4.812079582,-4.296411523,-4.34720775,177,"handle"
"p.(178handle)",-4.968067935,-4.452399876,-4.503196102,178,"handle"
"p.(179handle)",-4.925561536,-4.409893477,-4.460689704,179,"handle"
"p.(180handle)",-4.803458839,-4.28779078,-4.338587007,180,"handle"
"p.(181handle)",-5.113613768,-4.597945709,-4.648741935,181,"handle"
"p.(182handle)",-5.087888876,-4.572220817,-4.623017044,182,"handle"
"p.(183handle)",-4.97295195,-4.457283891,-4.508080117,183,"handle"
"p.(184handle)",-5.190966658,-4.675298599,-4.726094826,184,"handle"
"p.(185handle)",-4.599254571,-4.083586512,-4.134382739,185,"handle"
"p.(186handle)",-4.70018049,-4.184512431,-4.235308657,186,"handle"
"p.(187handle)",-5.015866759,-4.5001987,-4.550994926,187,"handle"
"p.(188handle)",-4.630616027,-4.114947967,-4.165744194,188,"handle"
"p.(189handle)",-4.725458297,-4.209790238,-4.260586465,189,"handle"
"p.(190handle)",-4.674247108,-4.158579049,-4.209375275,190,"handle"
"p.(191handle)",-4.664346037,-4.148677978,-4.199474204,191,"handle"
"p.(192handle)",-4.812079582,-4.296411523,-4.34720775,192,"handle"
"p.(193handle)",-4.588578313,-4.072910254,-4.123706481,193,"handle"
"p.(194handle)",-4.7889237,-4.273255641,-4.324051867,194,"handle"
"p.(195handle)",-4.831910261,-4.316242202,-4.367038428,195,"handle"
"p.(196handle)",-4.616798881,-4.101130822,-4.151927048,196,"handle"
"p.(197handle)",-4.647623239,-4.13195518,-4.182751407,197,"handle"
"p.(198handle)",-4.989860565,-4.474192506,-4.524988732,198,"handle"
"p.(199handle)",-4.780100113,-4.264432054,-4.315228281,199,"handle"
"p.(200handle)",-4.753152375,-4.237484316,-4.288280542,200,"handle"
"p.(201handle)",-5.130403249,-4.61473519,-4.665531417,201,"handle"
"p.(202handle)",-4.333166568,-3.817498509,-3.868294736,202,"handle"
"p.(203handle)",-4.809214251,-4.293546192,-4.344342418,203,"handle"
"p.(204handle)",-4.8568423,-4.341174241,-4.391970467,204,"handle"
"p.(205handle)",-4.70018049,-4.184512431,-4.235308657,205,"handle"
"p.(206handle)",-4.706560097,-4.190892038,-4.241688264,206,"handle"
"p.(207handle)",-4.8568423,-4.341174241,-4.391970467,207,"handle"
"p.(208handle)",-4.703375381,-4.187707322,-4.238503548,208,"handle"
"p.(209handle)",-4.570527282,-4.054859223,-4.105655449,209,"handle"
"p.(210handle)",-5.117837639,-4.60216958,-4.652965806,210,"handle"
"p.(211handle)",-4.809214251,-4.293546192,-4.344342418,211,"handle"
"p.(212handle)",-5.013530309,-4.49786225,-4.548658477,212,"handle"
"p.(213handle)",-4.563214635,-4.047546576,-4.098342802,213,"handle"
"p.(214handle)",-5.16717961,-4.651511551,-4.702307778,214,"handle"
"p.(215handle)",-5.022843531,-4.507175472,-4.557971699,215,"handle"
"p.(216handle)",-4.719198496,-4.203530437,-4.254326663,216,"handle"
"p.(217handle)",-4.728573564,-4.212905505,-4.263701732,217,"handle"
"p.(218handle)",-4.369451728,-3.853783669,-3.904579895,218,"handle"
"p.(219handle)",-4.462938014,-3.947269955,-3.998066182,219,"handle"
"p.(220handle)",-4.220853533,-3.705185474,-3.755981701,220,"handle"
"p.(221handle)",-4.925561536,-4.409893477,-4.460689704,221,"handle"
"p.(222handle)",-4.48301901,-3.967350951,-4.018147178,222,"handle"
"p.(223handle)",-5.020523345,-4.504855286,-4.555651512,223,"handle"
"p.(224handle)",-4.494876857,-3.979208798,-4.030005024,224,"handle"
"p.(225handle)",-4.48698727,-3.97131921,-4.022115437,225,"handle"
"p.(226handle)",-4.843067978,-4.327399918,-4.378196145,226,"handle"
"p.(227handle)",-4.845838062,-4.330170003,-4.38096623,227,"handle"
"p.(228handle)",-4.661023775,-4.145355716,-4.196151942,228,"handle"
"p.(229handle)",-4.323885759,-3.8082177,-3.859013927,229,"handle"
"p.(230handle)",-4.902304674,-4.386636615,-4.437432841,230,"handle"
"p.(231handle)",-4.865016732,-4.349348673,-4.4001449,231,"handle"
"p.(232handle)",-4.616798881,-4.101130822,-4.151927048,232,"handle"
"p.(233handle)",-4.940770955,-4.425102896,-4.475899122,233,"handle"
"p.(234handle)",-4.826284367,-4.310616308,-4.361412534,234,"handle"
"p.(235handle)",-4.7889237,-4.273255641,-4.324051867,235,"handle"
"p.(236handle)",-4.537190861,-4.021522802,-4.072319029,236,"handle"
"p.(237handle)",-4.537190861,-4.021522802,-4.072319029,237,"handle"
"p.(238handle)",-4.450692963,-3.935024904,-3.985821131,238,"handle"
"p.(239handle)",-4.606309274,-4.090641215,-4.141437442,239,"handle"
"p.(240handle)",-4.709734703,-4.194066644,-4.24486287,240,"handle"
"p.(241handle)",-4.577786842,-4.062118783,-4.112915009,241,"handle"
"p.(242handle)",-4.670957631,-4.155289572,-4.206085799,242,"handle"
"p.(243handle)",-4.533417272,-4.017749213,-4.068545439,243,"handle"
"p.(244handle)",-4.446577731,-3.930909672,-3.981705899,244,"handle"
"p.(245handle)",-4.7889237,-4.273255641,-4.324051867,245,"handle"
"p.(246handle)",-4.382726259,-3.8670582,-3.917854427,246,"handle"
"p.(247handle)",-4.442445494,-3.926777435,-3.977573661,247,"handle"
"p.(248handle)",-4.657690438,-4.142022379,-4.192818606,248,"handle"
"p.(249handle)",-4.167790688,-3.652122629,-3.702918856,249,"handle"
"p.(250handle)",-4.305061674,-3.789393615,-0.472894011,250,"handle"
"p.(251handle)",-4.35599861,-3.840330551,-3.891126778,251,"handle"
"p.(252handle)",-4.178630903,-3.662962844,-3.71375907,252,"handle"
"p.(253handle)",-4.276143996,-3.760475937,-3.811272164,253,"handle"
"p.(254handle)",-4.346928253,-3.831260194,-3.882056421,254,"handle"
"p.(255handle)",-4.162326194,-3.646658135,-3.697454361,255,"handle"
"p.(256handle)",-4.145751229,-3.63008317,-3.680879396,256,"handle"
"p.(257handle)",-4.07057133,-3.554903271,-3.605699498,257,"handle"
"p.(258handle)",-4.251390257,-3.735722198,-3.786518424,258,"handle"
"p.(259handle)",-4.387112231,-3.871444172,-3.922240398,259,"handle"
"p.(260handle)",-4.027619943,-3.511951884,-3.56274811,260,"handle"
"p.(261handle)",-4.37389618,-3.858228121,-3.909024347,261,"handle"
"p.(262handle)",-4.425743644,-3.910075585,-3.960871812,262,"handle"
"p.(263handle)",-3.928855528,-3.413187469,-3.463983696,263,"handle"
"p.(264handle)",-4.094311318,-3.578643258,-3.629439485,264,"handle"
"p.(265handle)",-4.360503122,-3.844835063,-3.89563129,265,"handle"
"p.(266handle)",-4.48698727,-3.97131921,-4.022115437,266,"handle"
"p.(267handle)",-4.178630903,-3.662962844,-3.71375907,267,"handle"
"p.(268handle)",-4.205228215,-3.689560156,-3.740356383,268,"handle"
"p.(269handle)",-4.052389011,-3.536720952,-3.587517178,269,"handle"
"p.(270handle)",-4.48301901,-3.967350951,-4.018147178,270,"handle"
"p.(271handle)",-4.566877643,-4.051209584,-4.10200581,271,"handle"
"p.(272handle)",-4.323885759,-3.8082177,-3.859013927,272,"handle"
"p.(273handle)",-4.862299339,-4.34663128,-4.397427507,273,"handle"
"p.(274handle)",-4.413031609,-3.89736355,-3.948159776,274,"handle"
"p.(275handle)",-4.13454663,-3.618878571,-3.669674797,275,"handle"
"p.(276handle)",-4.39147905,-3.875810991,-3.926607218,276,"handle"
"p.(277handle)",-4.425743644,-3.910075585,-3.960871812,277,"handle"
"p.(278handle)",-4.630616027,-4.114947967,-4.165744194,278,"handle"
"p.(279handle)",-4.241314605,-3.725646546,-3.776442772,279,"handle"
"p.(280handle)",-4.162326194,-3.646658135,-3.697454361,280,"handle"
"p.(281handle)",-4.305061674,-3.789393615,-3.840189841,281,"handle"
"p.(282handle)",-4.281022055,-3.765353996,-3.816150222,282,"handle"
"p.(283handle)",-4.360503122,-3.844835063,-3.89563129,283,"handle"
"p.(284handle)",-4.241314605,-3.725646546,-3.776442772,284,"handle"
"p.(285handle)",-4.027619943,-3.511951884,-3.56274811,285,"handle"
"p.(286handle)",-4.32853693,-3.812868871,-3.863665098,286,"handle"
"p.(287handle)",-4.094311318,-3.578643258,-3.629439485,287,"handle"
"p.(288handle)",-3.928855528,-3.413187469,-3.463983696,288,"handle"
"p.(289handle)",-4.309801019,-3.79413296,-3.844929187,289,"handle"
"p.(290handle)",-3.942601449,-3.42693339,-3.477729617,290,"handle"
"p.(291handle)",-3.969539105,-3.453871046,-3.504667272,291,"handle"
"p.(292handle)",-4.323885759,-3.8082177,-3.859013927,292,"handle"
"p.(293handle)",-4.226008184,-3.710340125,-3.761136351,293,"handle"
"p.(294handle)",-4.337774871,-3.822106812,-3.872903039,294,"handle"
"p.(295handle)",-4.510471715,-3.994803656,-4.045599882,295,"handle"
"p.(296handle)",-4.305061674,-3.789393615,-3.840189841,296,"handle"
"p.(297handle)",-3.907875738,-3.392207679,-3.443003905,297,"handle"
"p.(298handle)",-3.976161646,-3.460493587,-3.511289813,298,"handle"
"p.(299handle)",-4.220853533,-3.705185474,-3.755981701,299,"handle"
"p.(300handle)",-4.369451728,-3.853783669,-3.904579895,300,"handle"
"p.(301handle)",-4.77417417,-4.258506111,-4.309302337,301,"handle"
"p.(302handle)",-4.261365402,-3.745697343,-3.79649357,302,"handle"
"p.(303handle)",-4.581396954,-4.065728895,-4.116525121,303,"handle"
"p.(304handle)",-4.058486591,-3.542818532,-3.593614758,304,"handle"
"p.(305handle)",-3.834582872,-3.318914813,-3.36971104,305,"handle"
"p.(306handle)",-4.088428948,-3.572760888,-3.623557115,306,"handle"
"p.(307handle)",-4.314518009,-3.79884995,-3.849646177,307,"handle"
"p.(308handle)",-4.514332723,-3.998664664,-4.049460891,308,"handle"
"p.(309handle)",-4.552144411,-4.036476352,-4.087272578,309,"handle"
"p.(310handle)",-4.540950264,-4.025282205,-4.076078432,310,"handle"
"p.(311handle)",-4.07057133,-3.554903271,-3.605699498,311,"handle"
"p.(312handle)",-4.404466246,-3.888798187,-3.939594413,312,"handle"
"p.(313handle)",-3.713467294,-3.197799235,-3.248595461,313,"handle"
"p.(314handle)",-3.914918021,-3.399249961,-3.450046188,314,"handle"
"p.(315handle)",-4.58499408,-4.069326021,-4.120122248,315,"handle"
"p.(316handle)",-4.985058635,-4.469390576,-4.520186802,316,"handle"
"p.(317handle)",-4.791847678,-4.276179619,-4.326975846,317,"handle"
"p.(318handle)",-4.462938014,-3.947269955,-3.998066182,318,"handle"
"p.(319handle)",-4.859574542,-4.343906483,-4.394702709,319,"handle"
"p.(320handle)",-4.251390257,-3.735722198,-3.786518424,320,"handle"
"p.(321handle)",-4.581396954,-4.065728895,-4.116525121,321,"handle"
"p.(322handle)",-4.58499408,-4.069326021,-4.120122248,322,"handle"
"p.(323handle)",-4.640855024,-4.125186965,-4.175983191,323,"handle"
"p.(324handle)",-4.613314557,-4.097646498,-4.148442724,324,"handle"
"p.(325handle)",-4.661023775,-4.145355716,-4.196151942,325,"handle"
"p.(326handle)",-4.43829611,-3.922628051,-3.973424278,326,"handle"
"p.(327handle)",-4.771197977,-4.255529918,-4.306326145,327,"handle"
"p.(328handle)",-4.088428948,-3.572760888,-3.623557115,328,"handle"
"p.(329handle)",-4.644244858,-4.128576799,-4.179373025,329,"handle"
"p.(330handle)",-4.058486591,-3.542818532,-3.593614758,330,"handle"
"p.(331handle)",-4.337774871,-3.822106812,-3.872903039,331,"handle"
"p.(332handle)",-4.285876433,-3.770208374,-3.821004601,332,"handle"
"p.(333handle)",-4.337774871,-3.822106812,-3.872903039,333,"handle"
"p.(334handle)",-4.369451728,-3.853783669,-3.904579895,334,"handle"
"p.(335handle)",-4.058486591,-3.542818532,-3.593614758,335,"handle"
"p.(336handle)",-4.002221752,-3.486553693,-3.53734992,336,"handle"
"p.(337handle)",-3.871900635,-3.356232576,-3.407028803,337,"handle"
"p.(338handle)",-4.471018866,-3.955350807,-4.006147034,338,"handle"
"p.(339handle)",-4.37389618,-3.858228121,-3.909024347,339,"handle"
"p.(340handle)",-4.417286934,-3.901618875,-3.952415102,340,"handle"
"p.(341handle)",-4.199965045,-3.684296986,-3.735093213,341,"handle"
"p.(342handle)",-4.117500762,-3.601832703,-3.65262893,342,"handle"
"p.(343handle)",-4.123215064,-3.607547005,-3.658343231,343,"handle"
"p.(344handle)",-4.18400726,-3.668339201,-3.719135427,344,"handle"
"p.(345handle)",-4.008632031,-3.492963972,-3.543760198,345,"handle"
"p.(346handle)",-4.178630903,-3.662962844,-3.71375907,346,"handle"
"p.(347handle)",-4.256390268,-3.740722208,-3.791518435,347,"handle"
"p.(348handle)",-3.893640622,-3.377972563,-3.428768789,348,"handle"
"p.(349handle)",-4.241314605,-3.725646546,-3.776442772,349,"handle"
"p.(350handle)",-4.369451728,-3.853783669,-3.904579895,350,"handle"
"p.(351handle)",-4.088428948,-3.572760888,-3.623557115,351,"handle"
"p.(352handle)",-4.525827103,-4.010159044,-4.06095527,352,"handle"
"p.(353handle)",-3.704846551,-3.189178492,-3.239974718,353,"handle"
"p.(354handle)",-4.241314605,-3.725646546,-3.776442772,354,"handle"
"p.(355handle)",-3.834582872,-3.318914813,-3.36971104,355,"handle"
"p.(356handle)",-3.811504925,-3.295836866,-3.346633092,356,"handle"
"p.(357handle)",-3.921911056,-3.406242997,-3.457039223,357,"handle"
"p.(358handle)",-4.220853533,-3.705185474,-3.755981701,358,"handle"
"p.(359handle)",-4.276143996,-3.760475937,-3.811272164,359,"handle"
"p.(360handle)",-4.002221752,-3.486553693,-3.53734992,360,"handle"
"p.(361handle)",-4.058486591,-3.542818532,-3.593614758,361,"handle"
"p.(362handle)",-4.552144411,-4.036476352,-4.087272578,362,"handle"
"p.(363handle)",-3.914918021,-3.399249961,-3.450046188,363,"handle"
"p.(364handle)",-4.058486591,-3.542818532,-3.593614758,364,"handle"
"p.(365handle)",-4.008632031,-3.492963972,-3.543760198,365,"handle"
"p.(366handle)",-4.117500762,-3.601832703,-3.65262893,366,"handle"
"p.(367handle)",-4.162326194,-3.646658135,-3.697454361,367,"handle"
"p.(368handle)",-3.886446346,-3.370778287,-3.421574514,368,"handle"
"p.(369handle)",-3.982740617,-3.467072558,-3.517868784,369,"handle"
"p.(370handle)",-4.548426935,-4.032758876,-4.083555102,370,"handle"
"p.(371handle)",-4.167790688,-3.652122629,-3.702918856,371,"handle"
"p.(372handle)",-4.173225484,-3.657557425,-3.708353652,372,"handle"
"p.(373handle)",-4.199965045,-3.684296986,-3.735093213,373,"handle"
"p.(374handle)",-4.033869963,-3.518201904,-3.568998131,374,"handle"
"p.(375handle)",-3.976161646,-3.460493587,-3.511289813,375,"handle"
"p.(376handle)",-4.32853693,-3.812868871,-3.863665098,376,"handle"
"p.(377handle)",-4.052389011,-3.536720952,-3.587517178,377,"handle"
"p.(378handle)",-4.285876433,-3.770208374,-3.821004601,378,"handle"
"p.(379handle)",-3.811504925,-3.295836866,-3.346633092,379,"handle"
"p.(380handle)",-4.002221752,-3.486553693,-3.53734992,380,"handle"
"p.(381handle)",-4.015001479,-3.49933342,-3.550129646,381,"handle"
"p.(382handle)",-3.696150844,-3.180482785,-3.231279011,382,"handle"
"p.(383handle)",-4.008632031,-3.492963972,-3.543760198,383,"handle"
"p.(384handle)",-4.210463829,-3.69479577,-3.745591997,384,"handle"
"p.(385handle)",-4.064547216,-3.548879156,-3.599675383,385,"handle"
"p.(386handle)",-4.021330614,-3.505662555,-3.556458781,386,"handle"
"p.(387handle)",-4.680793776,-4.165125717,-4.215921944,387,"handle"
"p.(388handle)",-4.346928253,-3.831260194,-3.882056421,388,"handle"
"p.(389handle)",-4.522010304,-4.006342245,-4.057138472,389,"handle"
"p.(390handle)",-4.105973257,-3.590305198,-3.641101425,390,"handle"
"p.(391handle)",-4.319212853,-3.803544794,-3.854341021,391,"handle"
"p.(392handle)",-4.719198496,-4.203530437,-4.254326663,392,"handle"
"p.(393handle)",-4.650990246,-4.135322187,-4.186118413,393,"handle"
"p.(394handle)",-5.159123172,-4.643455113,-4.694251339,394,"handle"
"p.(395handle)",-4.875813059,-4.360144999,-4.410941226,395,"handle"
"p.(396handle)",-4.980233535,-4.464565476,-0.171556281,396,"handle"
"p.(397handle)",-4.657690438,-4.142022379,-4.192818606,397,"handle"
"p.(398handle)",-4.980233535,-4.464565476,-4.515361703,398,"handle"
"p.(399handle)",-4.670957631,-4.155289572,-4.206085799,399,"handle"
"p.(400handle)",-4.502704685,-3.987036626,-4.037832853,400,"handle"
"p.(401handle)",-1.01723213,2.178754717,1.913128267,401,"handle"
"p.(402handle)",1.61530687,4.808571962,4.966147107,402,"handle"
"p.(403handle)",-0.743904955,0.634595258,-0.103584445,403,"handle"
"p.(404handle)",-4.634040687,-4.118372628,-4.169168855,404,"handle"
"p.(405handle)",-4.875813059,-4.360144999,-4.410941226,405,"handle"
"p.(406handle)",-4.791847678,-4.276179619,-4.326975846,406,"handle"
"p.(407handle)",-4.859574542,-4.343906483,-4.394702709,407,"handle"
"p.(408handle)",-4.716053839,-4.20038578,-4.251182006,408,"handle"
"p.(409handle)",-5.079164721,-4.563496662,-4.614292888,409,"handle"
"p.(410handle)",-4.97295195,-4.457283891,-4.508080117,410,"handle"
"p.(411handle)",-5.050273823,-4.534605763,-4.58540199,411,"handle"
"p.(412handle)",-5.279038524,-4.763370465,-4.814166691,412,"handle"
"p.(413handle)",-5.107244319,-4.59157626,-4.642372487,413,"handle"
"p.(414handle)",-5.025158347,-4.509490288,-4.560286515,414,"handle"
"p.(415handle)",-4.933195161,-4.417527102,-4.468323328,415,"handle"
"p.(416handle)",-4.616798881,-4.101130822,-4.151927048,416,"handle"
"p.(417handle)",-4.429945331,-3.914277272,-3.965073498,417,"handle"
"p.(418handle)",-5.07257129,-4.556903231,-4.607699458,418,"handle"
"p.(419handle)",-4.731679157,-4.216011098,-4.266807324,419,"handle"
"p.(420handle)",-5.130403249,-4.61473519,-4.665531417,420,"handle"
"p.(421handle)",-4.785991146,-4.270323087,-4.321119314,421,"handle"
"p.(422handle)",-4.378320966,-3.862652907,-3.913449133,422,"handle"
"p.(423handle)",-4.950783554,-4.435115495,-4.485911722,423,"handle"
"p.(424handle)",-4.945789786,-4.430121727,-4.480917953,424,"handle"
"p.(425handle)",-4.965616953,-4.449948894,-4.500745121,425,"handle"
"p.(426handle)",-4.630616027,-4.114947967,-4.165744194,426,"handle"
"p.(427handle)",-4.985058635,-4.469390576,-4.520186802,427,"handle"
"p.(428handle)",-4.870429466,-4.354761406,-4.405557633,428,"handle"
"p.(429handle)",-4.823459506,-4.307791447,-4.358587673,429,"handle"
"p.(430handle)",-4.806340686,-4.290672627,-4.341468853,430,"handle"
"p.(431handle)",-4.696975359,-4.1813073,-4.232103526,431,"handle"
"p.(432handle)",-4.70018049,-4.184512431,-4.235308657,432,"handle"
"p.(433handle)",-5.025158347,-4.509490288,-4.560286515,433,"handle"
"p.(434handle)",-4.777141531,-4.261473472,-4.312269698,434,"handle"
"p.(435handle)",-4.634040687,-4.118372628,-4.169168855,435,"handle"
"p.(436handle)",-4.985058635,-4.469390576,-4.520186802,436,"handle"
"p.(437handle)",-4.750112859,-4.2344448,-4.285241026,437,"handle"
"p.(438handle)",-4.319212853,-3.803544794,-3.854341021,438,"handle"
"p.(439handle)",-4.975385041,-4.459716982,-4.510513208,439,"handle"
"p.(440handle)",-4.982648995,-4.466980936,-4.517777163,440,"handle"
"p.(441handle)",-4.82910127,-4.313433211,-4.364229437,441,"handle"
"p.(442handle)",-5.074773934,-4.559105875,-4.609902102,442,"handle"
"p.(443handle)",-4.70018049,-4.184512431,-4.235308657,443,"handle"
"p.(444handle)",-5.032070817,-4.516402758,-4.567198984,444,"handle"
"p.(445handle)",-4.980233535,-4.464565476,-4.515361703,445,"handle"
"p.(446handle)",-4.809214251,-4.293546192,-4.344342418,446,"handle"
"p.(447handle)",-4.989860565,-4.474192506,-4.524988732,447,"handle"
"p.(448handle)",-4.870429466,-4.354761406,-4.405557633,448,"handle"
"p.(449handle)",-4.953271118,-4.437603059,-4.488399285,449,"handle"
"p.(450handle)",-4.777141531,-4.261473472,-4.312269698,450,"handle"
"p.(451handle)",-4.948289787,-4.432621728,-4.483417955,451,"handle"
"p.(452handle)",-4.791847678,-4.276179619,-4.326975846,452,"handle"
"p.(453handle)",-4.814936727,-4.299268668,-4.350064895,453,"handle"
"p.(454handle)",-4.899686872,-4.384018812,-4.434815039,454,"handle"
"p.(455handle)",-4.529629389,-4.01396133,-4.064757556,455,"handle"
"p.(456handle)",-4.817785732,-4.302117673,-4.352913899,456,"handle"
"p.(457handle)",-4.865016732,-4.349348673,-4.4001449,457,"handle"
"p.(458handle)",-5.298577334,-4.782909275,-4.833705501,458,"handle"
"p.(459handle)",-4.765218886,-4.249550827,-4.300347054,459,"handle"
"p.(460handle)",-4.886494068,-4.370826009,-4.421622235,460,"handle"
"p.(461handle)",-4.7889237,-4.273255641,-4.324051867,461,"handle"
"p.(462handle)",-0.26390884,-4.302117673,-4.352913899,462,"handle"
"p.(463handle)",-4.747064076,-4.231396017,-4.282192243,463,"handle"
"p.(464handle)",-4.446577731,-3.930909672,-3.981705899,464,"handle"
"p.(465handle)",-4.002221752,-3.486553693,-3.53734992,465,"handle"
"p.(466handle)",-4.570527282,-4.054859223,-4.105655449,466,"handle"
"p.(467handle)",-4.753152375,-4.237484316,-4.288280542,467,"handle"
"p.(468handle)",-4.823459506,-4.307791447,-4.358587673,468,"handle"
"p.(469handle)",-4.37389618,-3.858228121,-3.909024347,469,"handle"
"p.(470handle)",-4.620271107,-4.104603048,-4.155399274,470,"handle"
"p.(471handle)",-3.292866762,-2.777198703,-2.827994929,471,"handle"
"p.(472handle)",-3.449814646,-2.934146587,-2.984942813,472,"handle"
"p.(473handle)",-3.633066868,-3.117398809,-3.168195036,473,"handle"
"p.(474handle)",-4.566877643,-4.051209584,-4.10200581,474,"handle"
"p.(475handle)",-4.241314605,-3.725646546,-3.776442772,475,"handle"
"p.(476handle)",-4.725458297,-4.209790238,-4.260586465,476,"handle"
"p.(477handle)",-5.1510013,-4.635333241,-4.686129467,477,"handle"
"p.(478handle)",-5.045754041,-4.530085982,-4.580882208,478,"handle"
"p.(479handle)",-4.8568423,-4.341174241,-4.391970467,479,"handle"
"p.(480handle)",-4.955752509,-4.440084449,-4.490880676,480,"handle"
"p.(481handle)",-5.15303796,-4.637369901,-4.688166128,481,"handle"
"p.(482handle)",-4.529629389,-4.01396133,-4.064757556,482,"handle"
"p.(483handle)",-4.920439886,-4.404771827,-4.455568053,483,"handle"
"p.(484handle)",-4.940770955,-4.425102896,-4.475899122,484,"handle"
"p.(485handle)",-4.525827103,-4.010159044,-4.06095527,485,"handle"
"p.(486handle)",-4.537190861,-4.021522802,-4.072319029,486,"handle"
"p.(487handle)",-4.837504681,-4.321836622,-4.372632848,487,"handle"
"p.(488handle)",-4.870429466,-4.354761406,-4.405557633,488,"handle"
"p.(489handle)",-4.780100113,-4.264432054,-4.315228281,489,"handle"
"p.(490handle)",-4.60981805,-4.094149991,-4.144946217,490,"handle"
"p.(491handle)",-4.670957631,-4.155289572,-4.206085799,491,"handle"
"p.(492handle)",-4.588578313,-4.072910254,-4.123706481,492,"handle"
"p.(493handle)",-4.577786842,-4.062118783,-4.112915009,493,"handle"
"p.(494handle)",-4.58499408,-4.069326021,-4.120122248,494,"handle"
"p.(495handle)",-4.765218886,-4.249550827,-4.300347054,495,"handle"
"p.(496handle)",-4.577786842,-4.062118783,-4.112915009,496,"handle"
"p.(497handle)",-4.613314557,-4.097646498,-4.148442724,497,"handle"
"p.(498handle)",-4.595708468,-4.080040409,-4.130836636,498,"handle"
"p.(499handle)",-4.677525799,-4.16185774,-4.212653967,499,"handle"
"p.(500handle)",-4.762215881,-4.246547822,-4.297344048,500,"handle"
"p.(501handle)",-4.8568423,-4.341174241,-4.391970467,501,"handle"
"p.(502handle)",-4.928112558,-4.412444499,-4.463240725,502,"handle"
"p.(503handle)",-4.620271107,-4.104603048,-4.155399274,503,"handle"
"p.(504handle)",-4.620271107,-4.104603048,-4.155399274,504,"handle"
"p.(505handle)",-4.667657298,-4.151989239,-4.202785466,505,"handle"
"p.(506handle)",-4.425743644,-3.910075585,-3.960871812,506,"handle"
"p.(507handle)",-4.7682129,-4.252544841,-4.303341068,507,"handle"
"p.(508handle)",-4.566877643,-4.051209584,-4.10200581,508,"handle"
"p.(509handle)",-4.690534113,-4.174866054,-4.22566228,509,"handle"
"p.(510handle)",-4.555848119,-4.04018006,-4.090976286,510,"handle"
"p.(511handle)",-4.889146589,-4.37347853,-4.424274757,511,"handle"
"p.(512handle)",-4.654345954,-4.138677895,-4.189474121,512,"handle"
"p.(513handle)",-4.719198496,-4.203530437,-4.254326663,513,"handle"
"p.(514handle)",-4.677525799,-4.16185774,-4.212653967,514,"handle"
"p.(515handle)",-4.323885759,-3.8082177,-3.859013927,515,"handle"
"p.(516handle)",-4.623731318,-4.108063259,-4.158859485,516,"handle"
"p.(517handle)",-4.446577731,-3.930909672,-3.981705899,517,"handle"
"p.(518handle)",-4.60981805,-4.094149991,-4.144946217,518,"handle"
"p.(519handle)",-4.39147905,-3.875810991,-3.926607218,519,"handle"
"p.(520handle)",-4.236238452,-3.720570393,-3.771366619,520,"handle"
"p.(521handle)",-4.703375381,-4.187707322,-4.238503548,521,"handle"
"p.(522handle)",-4.309801019,-3.79413296,-3.844929187,522,"handle"
"p.(523handle)",-4.236238452,-3.720570393,-3.771366619,523,"handle"
"p.(524handle)",-4.442445494,-3.926777435,-3.977573661,524,"handle"
"p.(525handle)",-4.537190861,-4.021522802,-4.072319029,525,"handle"
"p.(526handle)",-4.627179597,-4.111511538,-4.162307764,526,"handle"
"p.(527handle)",-4.529629389,-4.01396133,-4.064757556,527,"handle"
"p.(528handle)",-4.173225484,-3.657557425,-3.708353652,528,"handle"
"p.(529handle)",-4.563214635,-4.047546576,-4.098342802,529,"handle"
"p.(530handle)",-4.529629389,-4.01396133,-4.064757556,530,"handle"
"p.(531handle)",-4.37389618,-3.858228121,-3.909024347,531,"handle"
"p.(532handle)",-4.63745366,-4.121785601,-4.172581827,532,"handle"
"p.(533handle)",-4.555848119,-4.04018006,-4.090976286,533,"handle"
"p.(534handle)",-4.570527282,-4.054859223,-4.105655449,534,"handle"
"p.(535handle)",-4.684051108,-4.168383049,-4.219179275,535,"handle"
"p.(536handle)",-4.777141531,-4.261473472,-4.312269698,536,"handle"
"p.(537handle)",-4.654345954,-4.138677895,-4.189474121,537,"handle"
"p.(538handle)",-4.712899262,-4.197231203,-4.24802743,538,"handle"
"p.(539handle)",-4.466986603,-3.951318544,-4.00211477,539,"handle"
"p.(540handle)",-4.510471715,-3.994803656,-4.045599882,540,"handle"
"p.(541handle)",-4.96315995,-4.447491891,-4.498288117,541,"handle"
"p.(542handle)",-4.566877643,-4.051209584,-4.10200581,542,"handle"
"p.(543handle)",-4.667657298,-4.151989239,-4.202785466,543,"handle"
"p.(544handle)",-4.574163649,-4.05849559,-4.109291817,544,"handle"
"p.(545handle)",-4.654345954,-4.138677895,-4.189474121,545,"handle"
"p.(546handle)",-4.703375381,-4.187707322,-4.238503548,546,"handle"
"p.(547handle)",-4.616798881,-4.101130822,-4.151927048,547,"handle"
"p.(548handle)",-4.899686872,-4.384018812,-4.434815039,548,"handle"
"p.(549handle)",-4.566877643,-4.051209584,-4.10200581,549,"handle"
"p.(550handle)",-4.544695587,-4.029027528,-4.079823754,550,"handle"
"p.(551handle)",-4.725458297,-4.209790238,-4.260586465,551,"handle"
"p.(552handle)",-4.623731318,-4.108063259,-4.158859485,552,"handle"
"p.(553handle)",-5.105112122,-4.589444063,-4.64024029,553,"handle"
"p.(554handle)",-4.777141531,-4.261473472,-4.312269698,554,"handle"
"p.(555handle)",-4.878494025,-4.362825966,-4.413622193,555,"handle"
"p.(556handle)",-4.716053839,-4.20038578,-4.251182006,556,"handle"
"p.(557handle)",-4.664346037,-4.148677978,-4.199474204,557,"handle"
"p.(558handle)",-4.865016732,-4.349348673,-4.4001449,558,"handle"
"p.(559handle)",-5.043486466,-4.527818407,-4.578614634,559,"handle"
"p.(560handle)",-4.552144411,-4.036476352,-4.087272578,560,"handle"
"p.(561handle)",-4.540950264,-4.025282205,-4.076078432,561,"handle"
"p.(562handle)",-4.205228215,-3.689560156,-3.740356383,562,"handle"
"p.(563handle)",-4.48301901,-3.967350951,-4.018147178,563,"handle"
"p.(564handle)",-4.360503122,-3.844835063,-0.599794424,564,"handle"
"p.(565handle)",1.790099646,0.359857556,3.213430846,565,"handle"
"p.(566handle)",-4.351473716,3.253437498,1.630851013,566,"handle"
"p.(567handle)",2.313672807,-4.13195518,2.462339563,567,"handle"
"p.(568handle)",-5.500207032,-4.984538973,-5.0353352,568,"handle"
"p.(569handle)",-4.434129438,-3.918461379,-3.969257605,569,"handle"
"p.(570handle)",-4.417286934,-3.901618875,-3.952415102,570,"handle"
"p.(571handle)",-4.156831675,-3.641163615,-3.691959842,571,"handle"
"p.(572handle)",-4.027619943,-3.511951884,-3.56274811,572,"handle"
"p.(573handle)",-4.400155894,-3.884487835,-3.935284062,573,"handle"
"p.(574handle)",-4.369451728,-3.853783669,-3.904579895,574,"handle"
"p.(575handle)",-4.777141531,-4.261473472,-4.312269698,575,"handle"
"p.(576handle)",-4.281022055,-3.765353996,-3.816150222,576,"handle"
"p.(577handle)",-4.251390257,-3.735722198,0.256532843,577,"handle"
"p.(578handle)",-4.319212853,-3.803544794,-3.854341021,578,"handle"
"p.(579handle)",-3.545632569,-3.02996451,-3.080760736,579,"handle"
"p.(580handle)",-3.696150844,-3.180482785,-3.231279011,580,"handle"
"p.(581handle)",-4.052389011,-3.536720952,-3.587517178,581,"handle"
"p.(582handle)",-4.140164622,-3.624496563,-3.675292789,582,"handle"
"p.(583handle)",-4.167790688,-3.652122629,-0.56742464,583,"handle"
"p.(584handle)",2.044201855,2.215600367,2.079037319,584,"handle"
"p.(585handle)",6.03871632,6.18285515,5.962158521,585,"handle"
"p.(586handle)",1.58894653,1.340777464,1.454091258,586,"handle"
"p.(587handle)",1.760522987,2.075880451,1.189597526,587,"handle"
"p.(588handle)",-0.822972904,-3.862652907,-3.913449133,588,"handle"
"p.(589handle)",2.652919533,0.391589413,0.188324593,589,"handle"
"p.(590handle)",3.457085722,2.912484848,3.272364789,590,"handle"
"p.(591handle)",1.223258174,0.699653384,1.174388929,591,"handle"
"p.(592handle)",1.333588632,1.261470026,2.582869236,592,"handle"
"p.(593handle)",-4.140164622,-3.624496563,-3.675292789,593,"handle"
"p.(594handle)",-4.256390268,-3.740722208,-3.791518435,594,"handle"
"p.(595handle)",-4.261365402,-3.745697343,-3.79649357,595,"handle"
"p.(596handle)",-4.140164622,-3.624496563,-3.675292789,596,"handle"
"p.(597handle)",-4.173225484,-3.657557425,-3.708353652,597,"handle"
"p.(598handle)",-4.167790688,-3.652122629,-3.702918856,598,"handle"
"p.(599handle)",-3.811504925,-3.295836866,-3.346633092,599,"handle"
"p.(600handle)",-4.215672175,-3.700004115,-3.750800342,600,"handle"
"p.(601handle)",-4.251390257,-3.735722198,-3.786518424,601,"handle"
"p.(602handle)",-4.502704685,-3.987036626,-4.037832853,602,"handle"
"p.(603handle)",-3.535428399,-3.01976034,-3.070556566,603,"handle"
"p.(604handle)",-4.595708468,-4.080040409,-4.130836636,604,"handle"
"p.(605handle)",-3.687378858,-3.171710799,-3.222507025,605,"handle"
"p.(606handle)",-4.413031609,-3.89736355,-3.948159776,606,"handle"
"p.(607handle)",-4.429945331,-3.914277272,-3.965073498,607,"handle"
"p.(608handle)",-4.305061674,-3.789393615,-3.840189841,608,"handle"
"p.(609handle)",-4.094311318,-3.578643258,-3.629439485,609,"handle"
"p.(610handle)",-4.408758098,-3.893090039,-3.943886265,610,"handle"
"p.(611handle)",-4.11175362,-3.596085561,-3.646881788,611,"handle"
"p.(612handle)",-3.864547661,-3.348879602,-3.399675828,612,"handle"
"p.(613handle)",-3.956160979,-3.44049292,-3.491289146,613,"handle"
"p.(614handle)",-4.49879843,-3.983130371,-4.033926598,614,"handle"
"p.(615handle)",-4.13454663,-3.618878571,-3.669674797,615,"handle"
"p.(616handle)",-4.002221752,-3.486553693,-3.53734992,616,"handle"
"p.(617handle)",-4.360503122,-3.844835063,-3.89563129,617,"handle"
"p.(618handle)",-4.627179597,-4.111511538,-4.162307764,618,"handle"
"p.(619handle)",-3.921911056,-3.406242997,-3.457039223,619,"handle"
"p.(620handle)",-4.490939844,-3.975271785,-4.026068011,620,"handle"
"p.(621handle)",-4.620271107,-4.104603048,-4.155399274,621,"handle"
"p.(622handle)",-4.442445494,-3.926777435,-3.977573661,622,"handle"
"p.(623handle)",-4.75618268,-4.240514621,-4.291310847,623,"handle"
"p.(624handle)",-4.13454663,-3.618878571,-3.669674797,624,"handle"
"p.(625handle)",-4.241314605,-3.725646546,-3.776442772,625,"handle"
"p.(626handle)",-4.674247108,-4.158579049,-4.209375275,626,"handle"
"p.(627handle)",-4.634040687,-4.118372628,-4.169168855,627,"handle"
"p.(628handle)",-4.910117214,-4.394449155,-4.445245381,628,"handle"
"p.(629handle)",-4.96315995,-4.447491891,-4.498288117,629,"handle"
"p.(630handle)",-4.886494068,-4.370826009,-4.421622235,630,"handle"
"p.(631handle)",-4.899686872,-4.384018812,-4.434815039,631,"handle"
"p.(632handle)",-4.364987435,-3.849319376,-3.900115602,632,"handle"
"p.(633handle)",-4.902304674,-4.386636615,-4.437432841,633,"handle"
"p.(634handle)",-4.630616027,-4.114947967,-4.165744194,634,"handle"
"p.(635handle)",-4.644244858,-4.128576799,-4.179373025,635,"handle"
"p.(636handle)",-4.510471715,-3.994803656,-4.045599882,636,"handle"
"p.(637handle)",-4.570527282,-4.054859223,-4.105655449,637,"handle"
"p.(638handle)",-4.750112859,-4.2344448,-4.285241026,638,"handle"
"p.(639handle)",-4.606309274,-4.090641215,-4.141437442,639,"handle"
"p.(640handle)",-4.592149746,-4.076481687,-4.127277913,640,"handle"
"p.(641handle)",-4.555848119,-4.04018006,-4.090976286,641,"handle"
"p.(642handle)",-4.49879843,-3.983130371,-4.033926598,642,"handle"
"p.(643handle)",-4.785991146,-4.270323087,-4.321119314,643,"handle"
"p.(644handle)",-4.693759922,-4.178091863,-4.22888809,644,"handle"
"p.(645handle)",-4.74400597,-4.22833791,-4.279134137,645,"handle"
"p.(646handle)",-4.39147905,-3.875810991,-3.926607218,646,"handle"
"p.(647handle)",-4.696975359,-4.1813073,-4.232103526,647,"handle"
"p.(648handle)",-4.346928253,-3.831260194,-3.882056421,648,"handle"
"p.(649handle)",-4.494876857,-3.979208798,-4.030005024,649,"handle"
"p.(650handle)",-4.548426935,-4.032758876,-4.083555102,650,"handle"
"p.(651handle)",-4.620271107,-4.104603048,-4.155399274,651,"handle"
"p.(652handle)",-4.434129438,-3.918461379,-3.969257605,652,"handle"
"p.(653handle)",-4.215672175,-3.700004115,-3.750800342,653,"handle"
"p.(654handle)",-4.39147905,-3.875810991,-3.926607218,654,"handle"
"p.(655handle)",-4.220853533,-3.705185474,-3.755981701,655,"handle"
"p.(656handle)",-4.548426935,-4.032758876,-4.083555102,656,"handle"
"p.(657handle)",-4.35599861,-3.840330551,-3.891126778,657,"handle"
"p.(658handle)",-4.2311364,-3.715468341,-3.766264568,658,"handle"
"p.(659handle)",-4.002221752,-3.486553693,-3.53734992,659,"handle"
"p.(660handle)",-4.592149746,-4.076481687,-4.127277913,660,"handle"
"p.(661handle)",1.869010064,1.244143528,1.097119269,661,"handle"
"p.(662handle)",-4.199965045,-3.684296986,-3.735093213,662,"handle"
"p.(663handle)",-4.220853533,-3.705185474,-3.755981701,663,"handle"
"p.(664handle)",-4.387112231,-3.871444172,-0.488253194,664,"handle"
"p.(665handle)",-3.819256902,-3.303588843,-3.354385069,665,"handle"
"p.(666handle)",-4.417286934,-3.901618875,-3.952415102,666,"handle"
"p.(667handle)",-4.008632031,-3.492963972,-3.543760198,667,"handle"
"p.(668handle)",-4.382726259,-3.8670582,-3.917854427,668,"handle"
"p.(669handle)",-4.309801019,-3.79413296,-3.844929187,669,"handle"
"p.(670handle)",-4.241314605,-3.725646546,-3.776442772,670,"handle"
"p.(671handle)",-4.309801019,-3.79413296,-3.844929187,671,"handle"
"p.(672handle)",-3.935752107,-3.420084048,-3.470880275,672,"handle"
"p.(673handle)",-4.417286934,-3.901618875,-3.952415102,673,"handle"
"p.(674handle)",-4.189354866,-3.673686807,-3.724483034,674,"handle"
"p.(675handle)",-4.29070736,-3.775039301,-3.825835528,675,"handle"
"p.(676handle)",-4.462938014,-3.947269955,-3.998066182,676,"handle"
"p.(677handle)",-4.30029976,-3.784631701,-3.835427928,677,"handle"
"p.(678handle)",-4.400155894,-3.884487835,-3.935284062,678,"handle"
"p.(679handle)",-4.39147905,-3.875810991,-3.926607218,679,"handle"
"p.(680handle)",-4.2311364,-3.715468341,-3.766264568,680,"handle"
"p.(681handle)",-4.471018866,-3.955350807,-4.006147034,681,"handle"
"p.(682handle)",-4.266315907,-3.750647848,-3.801444075,682,"handle"
"p.(683handle)",-4.281022055,-3.765353996,-3.816150222,683,"handle"
"p.(684handle)",-4.251390257,-3.735722198,-3.786518424,684,"handle"
"p.(685handle)",-4.450692963,-3.935024904,-3.985821131,685,"handle"
"p.(686handle)",-4.220853533,-3.705185474,-3.755981701,686,"handle"
"p.(687handle)",-4.040081163,-3.524413104,-3.575209331,687,"handle"
"p.(688handle)",-4.13454663,-3.618878571,-3.669674797,688,"handle"
"p.(689handle)",-4.105973257,-3.590305198,-3.641101425,689,"handle"
"p.(690handle)",-3.787881779,-3.27221372,-3.323009947,690,"handle"
"p.(691handle)",-4.55953816,-4.043870101,-4.094666328,691,"handle"
"p.(692handle)",-4.105973257,-3.590305198,-3.641101425,692,"handle"
"p.(693handle)",-4.266315907,-3.750647848,-3.801444075,693,"handle"
"p.(694handle)",-4.471018866,-3.955350807,-4.006147034,694,"handle"
"p.(695handle)",-3.787881779,-3.27221372,-3.323009947,695,"handle"
"p.(696handle)",-3.514702268,-2.999034209,-3.049830436,696,"handle"
"p.(697handle)",-4.246365121,-3.730697062,-3.781493288,697,"handle"
"p.(698handle)",-4.613314557,-4.097646498,-4.148442724,698,"handle"
"p.(699handle)",-4.082511771,-3.566843711,-3.617639938,699,"handle"
"p.(700handle)",-4.246365121,-3.730697062,-3.781493288,700,"handle"
"p.(701handle)",-4.194674028,-3.679005969,-3.729802195,701,"handle"
"p.(702handle)",-3.962872414,-3.447204354,-3.498000581,702,"handle"
"p.(703handle)",-4.518178882,-4.002510823,-4.053307049,703,"handle"
"p.(704handle)",-4.140164622,-3.624496563,-3.675292789,704,"handle"
"p.(705handle)",-4.100159287,-3.584491228,-3.635287455,705,"handle"
"p.(706handle)",-4.30029976,-3.784631701,-3.835427928,706,"handle"
"p.(707handle)",-4.510471715,-3.994803656,-4.045599882,707,"handle"
"p.(708handle)",-5.746235528,-5.230567469,-5.281363695,708,"handle"
"p.(709handle)",-4.434129438,-3.918461379,-3.969257605,709,"handle"
"p.(710handle)",-5.117837639,-4.60216958,-4.652965806,710,"handle"
"p.(711handle)",-4.105973257,-3.590305198,-3.641101425,711,"handle"
"p.(712handle)",-4.314518009,-3.79884995,-3.849646177,712,"handle"
"p.(713handle)",-4.7682129,-4.252544841,-4.303341068,713,"handle"
"p.(714handle)",-4.904915642,-4.389247582,-4.440043809,714,"handle"
"p.(715handle)",-3.137626163,-2.621958104,-2.672754331,715,"handle"
"p.(716handle)",-4.537190861,-4.021522802,-4.072319029,716,"handle"
"p.(717handle)",-3.826949248,-3.311281188,-3.362077415,717,"handle"
"p.(718handle)",-4.140164622,-3.624496563,-3.675292789,718,"handle"
"p.(719handle)",-4.48301901,-3.967350951,-4.018147178,719,"handle"
"p.(720handle)",-3.504175855,-2.988507796,-3.039304023,720,"handle"
"p.(721handle)",-5.607793681,-5.092125622,-5.142921848,721,"handle"
"p.(722handle)",-4.592149746,-4.076481687,-4.127277913,722,"handle"
"p.(723handle)",-4.82910127,-4.313433211,-4.364229437,723,"handle"
"p.(724handle)",-3.525119029,-3.00945097,-3.060247196,724,"handle"
"p.(725handle)",-4.987462482,-4.471794423,-4.52259065,725,"handle"
"p.(726handle)",-3.438578573,-2.922910514,-2.97370674,726,"handle"
"p.(727handle)",-4.342362035,-3.826693976,-3.877490203,727,"handle"
"p.(728handle)",-4.522010304,-4.006342245,-4.057138472,728,"handle"
"p.(729handle)",-3.976161646,-3.460493587,-3.511289813,729,"handle"
"p.(730handle)",-4.002221752,-3.486553693,-3.53734992,730,"handle"
"p.(731handle)",-3.343833205,-2.828165146,-2.878961373,731,"handle"
"p.(732handle)",-4.140164622,-3.624496563,-3.675292789,732,"handle"
"p.(733handle)",-4.709734703,-4.194066644,-4.24486287,733,"handle"
"p.(734handle)",-4.479034941,-3.963366882,-4.014163109,734,"handle"
"p.(735handle)",-3.949404197,-3.433736137,-3.484532364,735,"handle"
"p.(736handle)",-3.871900635,-3.356232576,-3.407028803,736,"handle"
"p.(737handle)",-4.271242026,-3.755573967,-3.806370193,737,"handle"
"p.(738handle)",-3.614286974,-3.098618915,-3.149415141,738,"handle"
"p.(739handle)",-4.661023775,-4.145355716,-4.196151942,739,"handle"
"p.(740handle)",-3.438578573,-2.922910514,-2.97370674,740,"handle"
"p.(741handle)",-3.935752107,-3.420084048,-3.470880275,741,"handle"
"p.(742handle)",-3.266375146,-2.750707087,-2.801503314,742,"handle"
"p.(743handle)",-4.346928253,-3.831260194,-3.882056421,743,"handle"
"p.(744handle)",-4.11175362,-3.596085561,-3.646881788,744,"handle"
"p.(745handle)",-4.027619943,-3.511951884,-3.56274811,745,"handle"
"p.(746handle)",-4.35599861,-3.840330551,-3.891126778,746,"handle"
"p.(747handle)",-4.60981805,-4.094149991,-4.144946217,747,"handle"
"p.(748handle)",-4.305061674,-3.789393615,-3.840189841,748,"handle"
"p.(749handle)",-3.879199938,-3.363531879,-3.414328105,749,"handle"
"p.(750handle)",-4.07057133,-3.554903271,-3.605699498,750,"handle"
"p.(751handle)",-3.504175855,-2.988507796,-3.039304023,751,"handle"
"p.(752handle)",-4.346928253,-3.831260194,-3.882056421,752,"handle"
"p.(753handle)",-3.535428399,-3.01976034,-3.070556566,753,"handle"
"p.(754handle)",-3.730488981,-3.214820922,-3.265617149,754,"handle"
"p.(755handle)",-4.008632031,-3.492963972,-3.543760198,755,"handle"
"p.(756handle)",-3.763687051,-3.248018992,-3.298815218,756,"handle"
"p.(757handle)",-3.007360969,-2.491692909,-2.542489136,757,"handle"
"p.(758handle)",-3.65150057,-3.135832511,-3.186628737,758,"handle"
"p.(759handle)",-4.236238452,-3.720570393,-3.771366619,759,"handle"
"p.(760handle)",-4.199965045,-3.684296986,-3.735093213,760,"handle"
"p.(761handle)",-2.989816659,-2.4741486,-2.524944826,761,"handle"
"p.(762handle)",-4.45479133,-3.939123271,-3.989919497,762,"handle"
"p.(763handle)",-3.22527347,-2.709605411,-2.760401638,763,"handle"
"p.(764handle)",-4.015001479,-3.49933342,-3.550129646,764,"handle"
"p.(765handle)",-4.178630903,-3.662962844,-3.71375907,765,"handle"
"p.(766handle)",-2.631876693,-2.116208634,-2.16700486,766,"handle"
"p.(767handle)",-3.921911056,-3.406242997,-3.457039223,767,"handle"
"p.(768handle)",-3.252861427,-2.737193368,-2.787989594,768,"handle"
"p.(769handle)",-3.928855528,-3.413187469,-3.463983696,769,"handle"
"p.(770handle)",-5.29681677,-4.781148711,-4.831944938,770,"handle"
"p.(771handle)",-4.812079582,-4.296411523,-4.34720775,771,"handle"
"p.(772handle)",-4.712899262,-4.197231203,-4.24802743,772,"handle"
"p.(773handle)",-4.309801019,-3.79413296,-3.844929187,773,"handle"
"p.(774handle)",-4.502704685,-3.987036626,-4.037832853,774,"handle"
"p.(775handle)",-3.935752107,-3.420084048,-3.470880275,775,"handle"
"p.(776handle)",-3.368374314,-2.852706255,-2.903502481,776,"handle"
"p.(777handle)",-5.286187795,-4.770519736,-4.821315962,777,"handle"
"p.(778handle)",-4.082511771,-3.566843711,-3.617639938,778,"handle"
"p.(779handle)",-5.163159504,-4.647491445,-4.698287672,779,"handle"
"p.(780handle)",-5.008840969,-4.49317291,-4.543969136,780,"handle"
"p.(781handle)",-4.266315907,-3.750647848,-3.801444075,781,"handle"
"p.(782handle)",-4.812079582,-4.296411523,-4.34720775,782,"handle"
"p.(783handle)",-4.261365402,-3.745697343,-3.79649357,783,"handle"
"p.(784handle)",-4.140164622,-3.624496563,-3.675292789,784,"handle"
"p.(785handle)",-4.479034941,-3.963366882,-4.014163109,785,"handle"
"p.(786handle)",-4.566877643,-4.051209584,-4.10200581,786,"handle"
"p.(787handle)",-4.886494068,-4.370826009,-4.421622235,787,"handle"
"p.(788handle)",-4.654345954,-4.138677895,-4.189474121,788,"handle"
"p.(789handle)",-4.400155894,-3.884487835,-3.935284062,789,"handle"
"p.(790handle)",-4.246365121,-3.730697062,-3.781493288,790,"handle"
"p.(791handle)",-4.337774871,-3.822106812,-3.872903039,791,"handle"
"p.(792handle)",-4.667657298,-4.151989239,-4.202785466,792,"handle"
"p.(793handle)",-4.395826883,-3.880158824,-3.930955051,793,"handle"
"p.(794handle)",-4.285876433,-3.770208374,-3.821004601,794,"handle"
"p.(795handle)",-4.644244858,-4.128576799,-4.179373025,795,"handle"
"p.(796handle)",-4.346928253,-3.831260194,-3.882056421,796,"handle"
"p.(797handle)",-4.285876433,-3.770208374,-3.821004601,797,"handle"
"p.(798handle)",-4.620271107,-4.104603048,-4.155399274,798,"handle"
"p.(799handle)",-4.189354866,-3.673686807,-3.724483034,799,"handle"
"p.(800handle)",-4.400155894,-3.884487835,-3.935284062,800,"handle"
"p.(801handle)",-4.305061674,-3.789393615,-3.840189841,801,"handle"
"p.(802handle)",-4.413031609,-3.89736355,-3.948159776,802,"handle"
"p.(803handle)",-3.879199938,-3.363531879,-3.414328105,803,"handle"
"p.(804handle)",-4.309801019,-3.79413296,-3.844929187,804,"handle"
"p.(805handle)",-4.266315907,-3.750647848,-3.801444075,805,"handle"
"p.(806handle)",-3.989276588,-3.473608529,-3.524404755,806,"handle"
"p.(807handle)",-3.819256902,-3.303588843,-3.354385069,807,"handle"
"p.(808handle)",-4.570527282,-4.054859223,-4.105655449,808,"handle"
"p.(809handle)",-4.342362035,-3.826693976,-3.877490203,809,"handle"
"p.(810handle)",-4.251390257,-3.735722198,-3.786518424,810,"handle"
"p.(811handle)",-4.382726259,-3.8670582,-3.917854427,811,"handle"
"p.(812handle)",-4.008632031,-3.492963972,-3.543760198,812,"handle"
"p.(813handle)",-4.117500762,-3.601832703,-3.65262893,813,"handle"
"p.(814handle)",-4.276143996,-3.760475937,-3.811272164,814,"handle"
"p.(815handle)",-4.046254023,-3.530585963,-3.58138219,815,"handle"
"p.(816handle)",-4.040081163,-3.524413104,-3.575209331,816,"handle"
"p.(817handle)",-3.989276588,-3.473608529,-3.524404755,817,"handle"
"p.(818handle)",-4.18400726,-3.668339201,-3.719135427,818,"handle"
"p.(819handle)",-4.088428948,-3.572760888,-3.623557115,819,"handle"
"p.(820handle)",-4.364987435,-3.849319376,-3.900115602,820,"handle"
"p.(821handle)",-4.285876433,-3.770208374,-3.821004601,821,"handle"
"p.(822handle)",-4.11175362,-3.596085561,-3.646881788,822,"handle"
"p.(823handle)",-4.008632031,-3.492963972,-3.543760198,823,"handle"
"p.(824handle)",-4.45479133,-3.939123271,-3.989919497,824,"handle"
"p.(825handle)",-4.337774871,-3.822106812,-3.872903039,825,"handle"
"p.(826handle)",-4.271242026,-3.755573967,-3.806370193,826,"handle"
"p.(827handle)",-3.989276588,-3.473608529,-3.524404755,827,"handle"
"p.(828handle)",-3.928855528,-3.413187469,-3.463983696,828,"handle"
"p.(829handle)",-4.251390257,-3.735722198,-3.786518424,829,"handle"
"p.(830handle)",-4.027619943,-3.511951884,-3.56274811,830,"handle"
"p.(831handle)",-4.027619943,-3.511951884,-3.56274811,831,"handle"
"p.(832handle)",-4.346928253,-3.831260194,-3.882056421,832,"handle"
"p.(833handle)",-3.85714022,-3.341472161,-3.392268387,833,"handle"
"p.(834handle)",-3.90078351,-3.38511545,-3.435911677,834,"handle"
"p.(835handle)",-4.094311318,-3.578643258,-3.629439485,835,"handle"
"p.(836handle)",-4.404466246,-3.888798187,-3.939594413,836,"handle"
"p.(837handle)",-4.48301901,-3.967350951,-4.018147178,837,"handle"
"p.(838handle)",-4.145751229,-3.63008317,-3.680879396,838,"handle"
"p.(839handle)",-4.094311318,-3.578643258,-3.629439485,839,"handle"
"p.(840handle)",-4.60981805,-4.094149991,-4.144946217,840,"handle"
"p.(841handle)",-4.333166568,-3.817498509,-3.868294736,841,"handle"
"p.(842handle)",-4.13454663,-3.618878571,-3.669674797,842,"handle"
"p.(843handle)",-4.151306799,-3.635638739,-3.686434966,843,"handle"
"p.(844handle)",-4.205228215,-3.689560156,-3.740356383,844,"handle"
"p.(845handle)",-4.552144411,-4.036476352,-4.087272578,845,"handle"
"p.(846handle)",-4.462938014,-3.947269955,-3.998066182,846,"handle"
"p.(847handle)",-4.421524229,-3.90585617,-3.956652396,847,"handle"
"p.(848handle)",-4.178630903,-3.662962844,-3.71375907,848,"handle"
"p.(849handle)",-3.928855528,-3.413187469,-3.463983696,849,"handle"
"p.(850handle)",-3.747225774,-3.231557715,-3.282353941,850,"handle"
"p.(851handle)",-3.211188731,-2.695520671,-2.746316898,851,"handle"
"p.(852handle)",-3.787881779,-3.27221372,-3.323009947,852,"handle"
"p.(853handle)",-4.434129438,-3.918461379,-3.969257605,853,"handle"
"p.(854handle)",-4.351473716,-3.835805657,-3.886601883,854,"handle"
"p.(855handle)",-3.771817177,-3.256149118,-3.306945344,855,"handle"
"p.(856handle)",-3.738892392,-3.223224333,-3.27402056,856,"handle"
"p.(857handle)",-4.382726259,-3.8670582,-3.917854427,857,"handle"
"p.(858handle)",-4.07057133,-3.554903271,-3.605699498,858,"handle"
"p.(859handle)",1.595319934,0.551249749,0.854093563,859,"handle"
"p.(860handle)",5.932332296,4.693060438,4.811558706,860,"handle"
"p.(861handle)",5.809108586,5.163320395,5.707663097,861,"handle"
"p.(862handle)",-0.553840633,-3.33400944,-3.384805666,862,"handle"
