"","indel","score","dataset","Secondary"
"1",1732,-4.699931623,"1AAdel","L"
"2",1733,-4.941744793,"1AAdel","E"
"3",1734,-4.650077063,"1AAdel","E"
"4",1735,-4.809235721,"1AAdel","E"
"5",1736,-4.723956803,"1AAdel","E"
"6",1737,-4.846673248,"1AAdel","E"
"7",1738,-4.820075935,"1AAdel","E"
"8",1739,-4.563356088,"1AAdel","E"
"9",1740,-4.662775647,"1AAdel","L"
"10",1741,-4.72987398,"1AAdel","L"
"11",1742,-4.563356088,"1AAdel","L"
"12",1743,-4.764660096,"1AAdel","L"
"13",1744,-5.054476641,"1AAdel","L"
"14",1745,-4.841410078,"1AAdel","L"
"15",1746,-4.830799899,"1AAdel","L"
"16",1747,-4.90776094,"1AAdel","L"
"17",1748,-4.624185649,"1AAdel","L"
"18",1749,-4.846673248,"1AAdel","L"
"19",1750,-5.328742897,"1AAdel","L"
"20",1751,-4.979219904,"1AAdel","L"
"21",1752,-4.73575635,"1AAdel","L"
"22",1753,-4.753198653,"1AAdel","L"
"23",1754,-5.219231874,"1AAdel","L"
"24",1755,-5.006432467,"1AAdel","L"
"25",1756,-5.144149718,"1AAdel","L"
"26",1757,-5.015341212,"1AAdel","E"
"27",1758,-4.951246052,"1AAdel","E"
"28",1759,-4.965330792,"1AAdel","L"
"29",1760,-4.775991662,"1AAdel","L"
"30",1761,-5.26862463,"1AAdel","L"
"31",1762,-5.028557264,"1AAdel","L"
"32",1763,-5.388509108,"1AAdel","L"
"33",1764,-5.155777756,"1AAdel","L"
"34",1765,-4.955963042,"1AAdel","L"
"35",1766,-4.922467087,"1AAdel","L"
"36",1767,-4.992918748,"1AAdel","L"
"37",1768,-4.979219904,"1AAdel","L"
"38",1769,-5.322238809,"1AAdel","E"
"39",1770,-5.124464043,"1AAdel","E"
"40",1771,-4.8978353,"1AAdel","E"
"41",1772,-4.932152393,"1AAdel","L"
"42",1773,-5.015341212,"1AAdel","L"
"43",1774,-4.830799899,"1AAdel","L"
"44",1775,-5.155777756,"1AAdel","L"
"45",1776,-4.687699055,"1AAdel","L"
"46",1777,-5.261716139,"1AAdel","L"
"47",1778,-5.140243463,"1AAdel","L"
"48",1779,-5.240699604,"1AAdel","L"
"49",1780,-5.312402664,"1AAdel","L"
"50",1781,-4.650077063,"1AAdel","L"
"51",1782,-5.254759589,"1AAdel","L"
"52",1783,-4.997443643,"1AAdel","L"
"53",1784,-4.825452292,"1AAdel","L"
"54",1785,-5.128432302,"1AAdel","H"
"55",1786,-4.988373286,"1AAdel","H"
"56",1787,-5.096236362,"1AAdel","H"
"57",1788,-4.787196261,"1AAdel","H"
"58",1789,-4.988373286,"1AAdel","H"
"59",1790,-4.656446511,"1AAdel","H"
"60",1791,-4.803771226,"1AAdel","L"
"61",1792,-5.006432467,"1AAdel","L"
"62",1793,-5.024171292,"1AAdel","L"
"63",1794,-4.946506706,"1AAdel","L"
"64",1795,-5.478949713,"1AAdel","L"
"65",1796,-5.278898693,"1AAdel","L"
"66",1797,-5.208322675,"1AAdel","L"
"67",1798,-5.261716139,"1AAdel","L"
"68",1799,-5.024171292,"1AAdel","L"
"69",1800,-5.31569214,"1AAdel","L"
"70",1801,-5.171074421,"1AAdel","L"
"71",1802,-4.997443643,"1AAdel","L"
"72",1803,-5.182395297,"1AAdel","H"
"73",1804,-5.174862305,"1AAdel","H"
"74",1805,-5.193589444,"1AAdel","H"
"75",1806,-5.189871967,"1AAdel","H"
"76",1807,-5.140243463,"1AAdel","H"
"77",1808,-5.041600927,"1AAdel","H"
"78",1809,-4.951246052,"1AAdel","H"
"79",1810,-4.983807068,"1AAdel","H"
"80",1811,-4.617606678,"1AAdel","H"
"81",1812,-5.032924083,"1AAdel","H"
"82",1813,-5.001948155,"1AAdel","H"
"83",1814,-5.083890526,"1AAdel","H"
"84",1815,-5.07557447,"1AAdel","H"
"85",1816,-4.936960094,"1AAdel","H"
"86",1817,-5.092137996,"1AAdel","H"
"87",1818,-4.63721515,"1AAdel","H"
"88",1819,-4.917589029,"1AAdel","H"
"89",1820,-5.148040773,"1AAdel","L"
"90",1821,-5.071390364,"1AAdel","L"
"91",1822,-5.197293152,"1AAdel","L"
"92",1823,-5.174862305,"1AAdel","L"
"93",1824,-4.983807068,"1AAdel","L"
"94",1825,-5.037271916,"1AAdel","L"
"95",1826,-5.167272135,"1AAdel","L"
"96",1827,-5.370018597,"1AAdel","L"
"97",1828,-5.045911278,"1AAdel","H"
"98",1829,-5.254759589,"1AAdel","H"
"99",1830,-5.240699604,"1AAdel","H"
"100",1831,-5.144149718,"1AAdel","H"
"101",1832,-5.292435278,"1AAdel","H"
"102",1833,-4.969981963,"1AAdel","H"
"103",1834,-4.983807068,"1AAdel","L"
"104",1835,-5.054476641,"1AAdel","L"
"105",1836,-5.370018597,"1AAdel","L"
"106",1837,-5.478949713,"1AAdel","L"
"107",1838,-4.988373286,"1AAdel","L"
"108",1839,-5.120479974,"1AAdel","L"
"109",1840,-5.240699604,"1AAdel","L"
"110",1841,-5.178635894,"1AAdel","L"
"111",1842,-5.124464043,"1AAdel","L"
"112",1843,-5.062969261,"1AAdel","L"
"113",1844,-4.946506706,"1AAdel","L"
"114",1845,-5.019765998,"1AAdel","L"
"115",1846,-5.124464043,"1AAdel","L"
"116",1847,-4.969981963,"1AAdel","L"
"117",1848,-5.397627713,"1AAdel","L"
"118",1849,-5.01089676,"1AAdel","L"
"119",1850,-5.237153501,"1AAdel","L"
"120",1851,-5.219231874,"1AAdel","L"
"121",1852,-4.857117207,"1AAdel","H"
"122",1853,-4.73575635,"1AAdel","H"
"123",1854,-5.019765998,"1AAdel","H"
"124",1855,-4.89283529,"1AAdel","L"
"125",1856,-5.054476641,"1AAdel","L"
"126",1857,-5.559314223,"1AAdel","L"
"127",1858,NA,"1AAdel","H"
"128",1859,-5.351179735,"1AAdel","H"
"129",1860,-5.079741143,"1AAdel","H"
"130",1861,-5.088022764,"1AAdel","L"
"131",1862,-4.63721515,"1AAdel","L"
"132",1863,-5.024171292,"1AAdel","L"
"133",1864,-5.015341212,"1AAdel","L"
"134",1865,-4.872581433,"1AAdel","L"
"135",1866,-4.902810435,"1AAdel","L"
"136",1867,-5.312402664,"1AAdel","L"
"137",1868,-5.527939101,"1AAdel","L"
"138",1869,-5.814624661,"1AAdel","H"
"139",1870,-5.062969261,"1AAdel","H"
"140",1871,-4.902810435,"1AAdel","H"
"141",1872,-5.001948155,"1AAdel","H"
"142",1873,-4.681526196,"1AAdel","H"
"143",1874,-4.74741829,"1AAdel","H"
"144",1875,-4.960657886,"1AAdel","H"
"145",1876,-5.019765998,"1AAdel","H"
"146",1877,-4.902810435,"1AAdel","H"
"147",1878,-5.543749707,"1AAdel","H"
"148",1879,-5.18614062,"1AAdel","H"
"149",1880,-5.289068272,"1AAdel","L"
"150",1881,-5.247754307,"1AAdel","L"
"151",1882,-5.478949713,"1AAdel","L"
"152",1883,-4.965330792,"1AAdel","L"
"153",1884,-4.917589029,"1AAdel","L"
"154",1885,-5.144149718,"1AAdel","E"
"155",1886,-5.155777756,"1AAdel","E"
"156",1887,-5.001948155,"1AAdel","E"
"157",1888,-5.136321889,"1AAdel","E"
"158",1889,-4.955963042,"1AAdel","E"
"159",1890,-4.877683485,"1AAdel","L"
"160",1891,-4.932152393,"1AAdel","L"
"161",1892,-5.041600927,"1AAdel","L"
"162",1893,-4.997443643,"1AAdel","E"
"163",1894,-5.124464043,"1AAdel","E"
"164",1895,-5.312402664,"1AAdel","E"
"165",1896,-4.643666785,"1AAdel","H"
"166",1897,-4.83611906,"1AAdel","H"
"167",1898,-4.992918748,"1AAdel","H"
"168",1899,-4.946506706,"1AAdel","H"
"169",1900,-4.758945795,"1AAdel","H"
"170",1901,-4.936960094,"1AAdel","H"
"171",1902,-4.89283529,"1AAdel","L"
"172",1903,-4.693834044,"1AAdel","L"
"173",1904,-5.058731967,"1AAdel","L"
"174",1905,-4.792751831,"1AAdel","L"
"175",1906,-4.851908862,"1AAdel","E"
"176",1907,-3.457882012,"1AAdel","E"
"177",1908,-4.960657886,"1AAdel","E"
"178",1909,-5.18614062,"1AAdel","E"
"179",1910,-4.89283529,"1AAdel","L"
"180",1911,-5.062969261,"1AAdel","L"
"181",1912,-5.01089676,"1AAdel","H"
"182",1913,-4.8978353,"1AAdel","H"
"183",1914,-4.932152393,"1AAdel","H"
"184",1915,-5.247754307,"1AAdel","H"
"185",1916,-4.857117207,"1AAdel","H"
"186",1917,-4.877683485,"1AAdel","H"
"187",1918,-4.882759638,"1AAdel","H"
"188",1919,-4.979219904,"1AAdel","H"
"189",1920,-4.718004404,"1AAdel","H"
"190",1921,-5.132384876,"1AAdel","H"
"191",1922,-4.851908862,"1AAdel","H"
"192",1923,-4.758945795,"1AAdel","H"
"193",1924,-4.63072162,"1AAdel","H"
"194",1925,-4.73575635,"1AAdel","H"
"195",1926,-4.699931623,"1AAdel","H"
"196",1927,-5.083890526,"1AAdel","H"
"197",1928,-4.72987398,"1AAdel","H"
"198",1929,-4.476027905,"1AAdel","H"
"199",1930,-4.723956803,"1AAdel","H"
"200",1931,-4.960657886,"1AAdel","H"
"201",1932,-4.851908862,"1AAdel","L"
"202",1933,-4.960657886,"1AAdel","L"
"203",1934,-4.781609654,"1AAdel","L"
"204",1935,-4.675314996,"1AAdel","L"
"205",1936,-4.758945795,"1AAdel","L"
"206",1937,-4.857117207,"1AAdel","L"
"207",1938,-4.687699055,"1AAdel","L"
"208",1939,-4.77034193,"1AAdel","L"
"209",1940,-4.83611906,"1AAdel","L"
"210",1941,-4.979219904,"1AAdel","L"
"211",1942,-5.171074421,"1AAdel","L"
"212",1943,-4.867453216,"1AAdel","L"
"213",1944,-4.624185649,"1AAdel","L"
"214",1945,-4.846673248,"1AAdel","H"
"215",1946,-4.656446511,"1AAdel","H"
"216",1947,-4.936960094,"1AAdel","H"
"217",1948,-4.656446511,"1AAdel","H"
"218",1949,-5.140243463,"1AAdel","H"
"219",1950,-5.354344295,"1AAdel","H"
"220",1951,-5.144149718,"1AAdel","H"
"221",1952,-5.079741143,"1AAdel","H"
"222",1953,-4.846673248,"1AAdel","H"
"223",1954,-5.088022764,"1AAdel","H"
"224",1955,-5.079741143,"1AAdel","H"
"225",1956,-5.015341212,"1AAdel","L"
"226",1957,-5.092137996,"1AAdel","L"
"227",1958,-5.208322675,"1AAdel","L"
"228",1959,-5.067188677,"1AAdel","E"
"229",1960,-5.148040773,"1AAdel","E"
"230",1961,-5.174862305,"1AAdel","E"
"231",1962,-5.478949713,"1AAdel","E"
"232",1963,-4.997443643,"1AAdel","E"
"233",1964,-5.197293152,"1AAdel","E"
"234",1965,-5.230023346,"1AAdel","E"
"235",1966,-5.159623914,"1AAdel","L"
"236",1967,-5.144149718,"1AAdel","L"
"237",1968,-5.211972314,"1AAdel","H"
"238",1969,-5.292435278,"1AAdel","H"
"239",1970,-5.222841986,"1AAdel","H"
"240",1971,-5.424495,"1AAdel","H"
"241",1972,-5.054476641,"1AAdel","L"
"242",1973,-5.222841986,"1AAdel","L"
"243",1974,-5.299135471,"1AAdel","H"
"244",1975,-5.328742897,"1AAdel","H"
"245",1976,-5.18614062,"1AAdel","H"
"246",1977,-5.200983193,"1AAdel","H"
"247",1978,-5.019765998,"1AAdel","H"
"248",1979,-5.015341212,"1AAdel","H"
"249",1980,-5.096236362,"1AAdel","H"
"250",1981,-5.261716139,"1AAdel","H"
"251",1982,-5.07557447,"1AAdel","H"
"252",1983,-5.278898693,"1AAdel","H"
"253",1984,-5.01089676,"1AAdel","H"
"254",1985,-5.067188677,"1AAdel","H"
"255",1986,-5.006432467,"1AAdel","H"
"256",1987,-5.001948155,"1AAdel","H"
"257",1988,-5.067188677,"1AAdel","L"
"258",1989,-4.8978353,"1AAdel","L"
"259",1990,-5.144149718,"1AAdel","L"
"260",1991,-4.867453216,"1AAdel","H"
"261",1992,-4.936960094,"1AAdel","H"
"262",1993,-4.965330792,"1AAdel","H"
"263",1994,-5.163455337,"1AAdel","H"
"264",1995,-5.067188677,"1AAdel","H"
"265",1996,-5.092137996,"1AAdel","H"
"266",1997,-5.208322675,"1AAdel","H"
"267",1998,-4.535085654,"1AAdel","H"
"268",1999,-4.872581433,"1AAdel","H"
"269",2000,-4.46839428,"1AAdel","H"
"270",2001,-4.8978353,"1AAdel","H"
"271",2002,-4.687699055,"1AAdel","E"
"272",2003,-4.951246052,"1AAdel","E"
"273",2004,-4.718004404,"1AAdel","E"
"274",2005,-4.669064975,"1AAdel","E"
"275",2006,-4.764660096,"1AAdel","E"
"276",2007,-4.83611906,"1AAdel","E"
"277",2008,-4.902810435,"1AAdel","L"
"278",2009,-4.693834044,"1AAdel","L"
"279",2010,-5.037271916,"1AAdel","E"
"280",2011,-4.781609654,"1AAdel","E"
"281",2012,-0.292082375,"1AAdel","E"
"282",2013,-1.214960702,"1AAdel","E"
"283",2014,-4.54932077,"1AAdel","E"
"284",2015,-4.396935316,"1AAdel","E"
"285",2016,-4.723956803,"1AAdel","L"
"286",2017,-4.936960094,"1AAdel","L"
"287",2018,-4.452949958,"1AAdel","L"
"288",2019,-4.867453216,"1AAdel","L"
"289",2020,-4.820075935,"1AAdel","L"
"290",2021,-4.617606678,"1AAdel","L"
"291",2022,-4.74160432,"1AAdel","L"
"292",2023,-4.758945795,"1AAdel","L"
"293",2024,-4.798276707,"1AAdel","H"
"294",2025,-5.151916747,"1AAdel","H"
"295",2026,-4.77034193,"1AAdel","H"
"296",2027,-4.604317446,"1AAdel","H"
"297",2028,-4.669064975,"1AAdel","H"
"298",2029,-4.960657886,"1AAdel","H"
"299",2030,-4.669064975,"1AAdel","H"
"300",2031,-4.753198653,"1AAdel","H"
"301",2032,-4.675314996,"1AAdel","H"
"302",2033,-4.693834044,"1AAdel","H"
"303",2034,-4.675314996,"1AAdel","H"
"304",2035,-5.282300056,"1AAdel","H"
"305",2036,NA,"1AAdel","H"
"306",2037,-5.204659667,"1AAdel","H"
"307",2038,-4.604317446,"1AAdel","H"
"308",2039,-4.74160432,"1AAdel","H"
"309",2040,-5.028557264,"1AAdel","H"
"310",2041,-4.927321466,"1AAdel","H"
"311",2042,-4.527891379,"1AAdel","H"
"312",2043,-5.132384876,"1AAdel","H"
"313",2044,-4.877683485,"1AAdel","H"
"314",2045,-4.988373286,"1AAdel","L"
"315",2046,-4.89283529,"1AAdel","L"
"316",2047,-4.932152393,"1AAdel","L"
"317",2048,-5.092137996,"1AAdel","L"
"318",2049,-5.382383515,"1AAdel","L"
"319",2050,-4.983807068,"1AAdel","H"
"320",2051,-5.071390364,"1AAdel","H"
"321",2052,-5.112463899,"1AAdel","H"
"322",2053,-5.233594778,"1AAdel","L"
"323",2054,-4.912687058,"1AAdel","E"
"324",2055,-4.917589029,"1AAdel","E"
"325",2056,-5.058731967,"1AAdel","E"
"326",2057,-4.988373286,"1AAdel","E"
"327",2058,-5.032924083,"1AAdel","E"
"328",2059,-4.867453216,"1AAdel","L"
"329",2060,-4.862298566,"1AAdel","L"
"330",2061,-4.951246052,"1AAdel","E"
"331",2062,-4.723956803,"1AAdel","E"
"332",2063,-4.820075935,"1AAdel","E"
"333",2064,-4.946506706,"1AAdel","E"
"334",2065,-5.07557447,"1AAdel","E"
"335",2066,-4.992918748,"1AAdel","E"
"336",2067,-4.89283529,"1AAdel","L"
"337",2068,-4.825452292,"1AAdel","L"
"338",2069,-4.669064975,"1AAdel","L"
"339",2070,-4.803771226,"1AAdel","L"
"340",2071,-5.088022764,"1AAdel","L"
"341",2072,-4.872581433,"1AAdel","H"
"342",2073,-4.841410078,"1AAdel","H"
"343",2074,-5.079741143,"1AAdel","H"
"344",2075,-4.74160432,"1AAdel","H"
"345",2076,-4.723956803,"1AAdel","H"
"346",2077,-4.912687058,"1AAdel","H"
"347",2078,-5.045911278,"1AAdel","H"
"348",2079,-5.067188677,"1AAdel","H"
"349",2080,-4.803771226,"1AAdel","H"
"350",2081,-5.028557264,"1AAdel","H"
"351",2082,-4.781609654,"1AAdel","H"
"352",2083,-5.054476641,"1AAdel","L"
"353",2084,-5.104383047,"1AAdel","L"
"354",2085,-4.820075935,"1AAdel","L"
"355",2086,-4.955963042,"1AAdel","E"
"356",2087,-5.116479968,"1AAdel","E"
"357",2088,-4.72987398,"1AAdel","E"
"358",2089,-4.675314996,"1AAdel","L"
"359",2090,-5.024171292,"1AAdel","L"
"360",2091,-5.230023346,"1AAdel","L"
"361",2092,-5.116479968,"1AAdel","L"
"362",2093,-5.028557264,"1AAdel","L"
"363",2094,-4.955963042,"1AAdel","L"
"364",2095,-4.887810153,"1AAdel","L"
"365",2096,-4.217079852,"1AAdel","L"
"366",2097,-4.197178697,"1AAdel","L"
"367",2098,-4.102370904,"1AAdel","L"
"368",2099,-4.068659846,"1AAdel","L"
"369",2100,-4.021867685,"1AAdel","L"
"370",2101,-4.217079852,"1AAdel","L"
"371",2102,-4.156147301,"1AAdel","L"
"372",2103,-4.009819346,"1AAdel","L"
"373",2104,-4.068659846,"1AAdel","L"
"374",2105,-4.166564061,"1AAdel","L"
"375",2106,-4.217079852,"1AAdel","L"
"376",2107,-3.666047807,"1AAdel","L"
"377",2108,-4.176873431,"1AAdel","L"
"378",2109,-4.246208125,"1AAdel","E"
"379",2110,-3.934311794,"1AAdel","E"
"380",2111,-4.134982489,"1AAdel","E"
"381",2112,-3.997624073,"1AAdel","E"
"382",2113,-3.498993723,"1AAdel","L"
"383",2114,-4.145620888,"1AAdel","L"
"384",2115,-4.255732006,"1AAdel","L"
"385",2116,-4.283771226,"1AAdel","L"
"386",2117,-4.274511901,"1AAdel","L"
"387",2118,-3.985278238,"1AAdel","L"
"388",2119,-4.265166038,"1AAdel","L"
"389",2120,-4.091259678,"1AAdel","E"
"390",2121,-4.217079852,"1AAdel","E"
"391",2122,-3.478584851,"1AAdel","E"
"392",2123,-4.255732006,"1AAdel","E"
"393",2124,-4.057165467,"1AAdel","L"
"394",2125,-4.498585252,"1AAdel","L"
"395",2126,-4.197178697,"1AAdel","H"
"396",2127,-4.102370904,"1AAdel","H"
"397",2128,-3.907820178,"1AAdel","H"
"398",2129,-3.997624073,"1AAdel","H"
"399",2130,-4.413262209,"1AAdel","H"
"400",2131,-4.207178781,"1AAdel","H"
"401",2132,-3.779071196,"1AAdel","H"
"402",2133,-4.846673248,"1AAdel","H"
"403",2134,-4.091259678,"1AAdel","H"
"404",2135,-4.166564061,"1AAdel","E"
"405",2136,-4.009819346,"1AAdel","E"
"406",2137,-4.274511901,"1AAdel","L"
"407",2138,-4.187077601,"1AAdel","L"
"408",2139,-4.380337425,"1AAdel","L"
"409",2140,-4.057165467,"1AAdel","L"
"410",2141,-4.187077601,"1AAdel","H"
"411",2142,-4.197178697,"1AAdel","H"
"412",2143,-4.145620888,"1AAdel","H"
"413",2144,-4.068659846,"1AAdel","H"
"414",2145,-3.498993723,"1AAdel","H"
"415",2146,-3.457750764,"1AAdel","H"
"416",2147,-3.221361986,"1AAdel","H"
"417",2148,-3.631261691,"1AAdel","H"
"418",2149,-3.716058228,"1AAdel","H"
"419",2150,-3.838347806,"1AAdel","H"
"420",2151,0.495682997,"1AAdel","H"
"421",2152,0.394107485,"1AAdel","H"
"422",2153,-3.682997366,"1AAdel","H"
"423",2154,-3.538602861,"1AAdel","H"
"424",2155,-3.457750764,"1AAdel","H"
"425",2156,-3.648806001,"1AAdel","H"
"426",2157,-3.538602861,"1AAdel","L"
"427",2158,-3.823854798,"1AAdel","H"
"428",2159,-3.392510242,"1AAdel","H"
"429",2160,-3.369781991,"1AAdel","H"
"430",2161,-3.392510242,"1AAdel","H"
"431",2162,-3.972778075,"1AAdel","H"
"432",2163,-3.631261691,"1AAdel","H"
"433",2164,-3.436473366,"1AAdel","H"
"434",2165,-3.613404074,"1AAdel","H"
"435",2166,-3.838347806,"1AAdel","H"
"436",2167,-3.557834223,"1AAdel","H"
"437",2168,-3.576702707,"1AAdel","H"
"438",2169,-4.057165467,"1AAdel","H"
"439",2170,-3.648806001,"1AAdel","L"
"440",2171,-3.960119678,"1AAdel","L"
"441",2172,-4.033772587,"1AAdel","H"
"442",2173,-3.699664418,"1AAdel","H"
"443",2174,-4.380337425,"1AAdel","H"
"444",2175,-3.838347806,"1AAdel","H"
"445",2176,-3.763686277,"1AAdel","H"
"446",2177,-3.921153709,"1AAdel","L"
"447",2178,-4.102370904,"1AAdel","L"
"448",2179,-4.483603699,"1AAdel","L"
"449",2180,-4.255732006,"1AAdel","L"
"450",2181,-4.145620888,"1AAdel","L"
"451",2182,-4.176873431,"1AAdel","H"
"452",2183,-4.226883852,"1AAdel","H"
"453",2184,-4.311045644,"1AAdel","H"
"454",2185,-4.217079852,"1AAdel","H"
"455",2186,-4.319974275,"1AAdel","H"
"456",2187,-3.682997366,"1AAdel","H"
"457",2188,-4.197178697,"1AAdel","H"
"458",2189,-3.880607615,"1AAdel","H"
"459",2190,-4.236592666,"1AAdel","H"
"460",2191,-3.763686277,"1AAdel","H"
"461",2192,-3.518994389,"1AAdel","L"
"462",2193,-3.997624073,"1AAdel","L"
