"","indel","score","dataset"
"1",":1.A",0.0289873722093809,"1AAdel"
"2",":2.A",0.0376847862530143,"1AAdel"
"3",":3.A",0.0362168213066783,"1AAdel"
"4",":4.A",0.0393071350452122,"1AAdel"
"5",":5.A",0.0384750864130316,"1AAdel"
"6",":6.A",0.0464130136946554,"1AAdel"
"7",":7.A",0.0407344523390842,"1AAdel"
"8",":8.A",0.0401845531631703,"1AAdel"
"9",":9.A",0.0370804187585294,"1AAdel"
"10",":10.A",0.0322185853060102,"1AAdel"
"11",":11.A",0.0329753758388454,"1AAdel"
"12",":12.A",0.031110977457576,"1AAdel"
"13",":13.A",0.0325376802044552,"1AAdel"
"14",":14.A",0.0396524409439387,"1AAdel"
"15",":15.A",0.0321139094210263,"1AAdel"
"16",":16.A",0.0418915437405085,"1AAdel"
"17",":17.A",0.0319070278369529,"1AAdel"
"18",":18.A",0.0362168213066783,"1AAdel"
"19",":19.A",0.0278289032937169,"1AAdel"
"20",":20.A",0.0418915437405085,"1AAdel"
"21",":21.A",0.0367870016634809,"1AAdel"
"22",":22.A",0.0375314450834604,"1AAdel"
"23",":23.A",0.0328646067856485,"1AAdel"
"24",":24.A",0.0369329984638344,"1AAdel"
"25",":25.A",0.0384750864130316,"1AAdel"
"26",":26.A",0.0363573370716491,"1AAdel"
"27",":27.A",0.0340150380932006,"1AAdel"
"28",":28.A",0.0347540941395232,"1AAdel"
"29",":29.A",0.0333132301724589,"1AAdel"
"30",":30.A",0.0396524409439387,"1AAdel"
"31",":31.A",0.0312078297868052,"1AAdel"
"32",":32.A",0.0389690832866048,"1AAdel"
"33",":33.A",0.0232369386071781,"1AAdel"
"34",":34.A",0.0288261111852842,"1AAdel"
"35",":35.A",0.0312078297868052,"1AAdel"
"36",":36.A",0.035269078886877,"1AAdel"
"37",":37.A",0.0341355443135129,"1AAdel"
"38",":38.A",0.0329753758388454,"1AAdel"
"39",":39.A",0.0600719178016362,"1AAdel"
"40",":40.A",0.0485811554317758,"1AAdel"
"41",":41.A",0.0306375073622557,"1AAdel"
"42",":42.A",0.035269078886877,"1AAdel"
"43",":43.A",0.0305449124818799,"1AAdel"
"44",":44.A",0.0343797159179915,"1AAdel"
"45",":45.A",0.0386380462573211,"1AAdel"
"46",":46.A",0.0411114068894441,"1AAdel"
"47",":47.A",0.0363573370716491,"1AAdel"
"48",":48.A",0.0347540941395232,"1AAdel"
"49",":49.A",0.0308247713208803,"1AAdel"
"50",":50.A",0.0268444587285381,"1AAdel"
"51",":51.A",0.0449346475048843,"1AAdel"
"52",":52.A",0.0461583875995013,"1AAdel"
"53",":53.A",0.0494599339724784,"1AAdel"
"54",":54.A",0.0398278921001748,"1AAdel"
"55",":55.A",0.0356677563901817,"1AAdel"
"56",":56.A",0.0296551304849236,"1AAdel"
"57",":57.A",0.0401845531631703,"1AAdel"
"58",":58.A",0.0403658303680229,"1AAdel"
"59",":59.A",0.0437872401566333,"1AAdel"
"60",":60.A",0.0370804187585294,"1AAdel"
"61",":61.A",0.0362168213066783,"1AAdel"
"62",":62.A",0.0394788657999216,"1AAdel"
"63",":63.A",0.111371056278879,"1AAdel"
"64",":64.A",0.0323240985692331,"1AAdel"
"65",":65.A",0.0358031113062164,"1AAdel"
"66",":66.A",0.0425008924778064,"1AAdel"
"67",":67.A",0.0545159161699965,"1AAdel"
"68",":68.A",0.0466710983798872,"1AAdel"
"69",":69.A",0.0401845531631703,"1AAdel"
"70",":70.A",0.0384750864130316,"1AAdel"
"71",":71.A",0.0442375331506307,"1AAdel"
"72",":72.A",0.03783966684721,"1AAdel"
"73",":73.A",0.0827428376155382,"1AAdel"
"74",":74.A",0.0414969976785728,"1AAdel"
"75",":75.A",0.0416931307253462,"1AAdel"
"76",":76.A",0.0386380462573211,"1AAdel"
"77",":77.A",0.0461583875995013,"1AAdel"
"78",":78.A",0.0497615802064956,"1AAdel"
"79",":79.A",0.0437872401566333,"1AAdel"
"80",":80.A",0.0347540941395232,"1AAdel"
"81",":81.A",0.0600719178016362,"1AAdel"
"82",":82.A",0.0403658303680229,"1AAdel"
"83",":83.A",0.0422953805272002,"1AAdel"
"84",":84.A",0.0506941620512092,"1AAdel"
"85",":85.A",0.0513400593528438,"1AAdel"
"86",":86.A",0.0526943420902622,"1AAdel"
"87",":87.A",0.0513400593528438,"1AAdel"
"88",":88.A",0.0411114068894441,"1AAdel"
"89",":89.A",0.0523476286242568,"1AAdel"
"90",":90.A",0.0444669563348971,"1AAdel"
"91",":91.A",0.0366424065975229,"1AAdel"
"92",":92.A",0.0289873722093809,"1AAdel"
"93",":93.A",0.0407344523390842,"1AAdel"
"94",":94.A",0.0401845531631703,"1AAdel"
"95",":95.A",0.0331996753000654,"1AAdel"
"96",":96.A",0.0488698224725909,"1AAdel"
"97",":97.A",0.0340150380932006,"1AAdel"
"98",":98.A",0.0474668684613058,"1AAdel"
"99",":99.A",0.0433479813467465,"1AAdel"
"100",":100.A",0.0442375331506307,"1AAdel"
"101",":101.A",0.0413031031988945,"1AAdel"
"102",":102.A",0.0433479813467465,"1AAdel"
"103",":103.A",0.0403658303680229,"1AAdel"
"104",":104.A",0.0376847862530143,"1AAdel"
"105",":105.A",0.0451730369942715,"1AAdel"
"106",":106.A",0.0506941620512092,"1AAdel"
"107",":107.A",0.0442375331506307,"1AAdel"
"108",":108.A",0.0337771133162428,"1AAdel"
"109",":109.A",0.0440109799679075,"1AAdel"
"110",":110.A",0.0425008924778064,"1AAdel"
"111",":111.A",0.0577770348057544,"1AAdel"
"112",":112.A",0.0400052517601555,"1AAdel"
"113",":113.A",0.03783966684721,"1AAdel"
"114",":114.A",0.0530467190811499,"1AAdel"
"115",":115.A",0.0440109799679075,"1AAdel"
"116",":116.A",0.0454145396376341,"1AAdel"
"117",":117.A",0.0556851301155343,"1AAdel"
"118",":118.A",0.047197946989319,"1AAdel"
"119",":119.A",0.0340150380932006,"1AAdel"
"120",":120.A",0.0444669563348971,"1AAdel"
"121",":121.A",0.0548989512304919,"1AAdel"
"122",":122.A",0.0491627155572068,"1AAdel"
"123",":123.A",0.0595952085909166,"1AAdel"
"124",":124.A",0.0564993904045686,"1AAdel"
"125",":125.A",0.0449346475048843,"1AAdel"
"126",":126.A",0.0769644262715831,"1AAdel"
"127",":127.A",0.0523476286242568,"1AAdel"
"128",":128.A",0.0411114068894441,"1AAdel"
"129",":129.A",0.0413031031988945,"1AAdel"
"130",":130.A",0.0485811554317758,"1AAdel"
"131",":131.A",0.0474668684613058,"1AAdel"
"132",":132.A",0.03783966684721,"1AAdel"
"133",":133.A",0.0413031031988945,"1AAdel"
"134",":134.A",0.0373796191451892,"1AAdel"
"135",":135.A",0.047197946989319,"1AAdel"
"136",":136.A",0.0454145396376341,"1AAdel"
"137",":137.A",0.0469327169471865,"1AAdel"
"138",":138.A",0.0425008924778064,"1AAdel"
"139",":139.A",0.0530467190811499,"1AAdel"
"140",":140.A",0.0413031031988945,"1AAdel"
"141",":141.A",0.065411504418139,"1AAdel"
"142",":142.A",0.0420922791523288,"1AAdel"
"143",":143.A",0.0449346475048843,"1AAdel"
"144",":144.A",0.0440109799679075,"1AAdel"
"145",":145.A",0.0449346475048843,"1AAdel"
"146",":146.A",0.0388027024778776,"1AAdel"
"147",":147.A",0.0466710983798872,"1AAdel"
"148",":148.A",0.0474668684613058,"1AAdel"
"149",":149.A",0.0488698224725909,"1AAdel"
"150",":150.A",0.0500677601101977,"1AAdel"
"151",":151.A",0.0351385897329656,"1AAdel"
"152",":152.A",0.034503410744179,"1AAdel"
"153",":153.A",0.0317033717993404,"1AAdel"
"154",":154.A",0.0310148560685921,"1AAdel"
"155",":155.A",0.0329753758388454,"1AAdel"
"156",":156.A",0.0341355443135129,"1AAdel"
"157",":157.A",0.0301812604888286,"1AAdel"
"158",":158.A",0.0329753758388454,"1AAdel"
"159",":159.A",0.0346281983358834,"1AAdel"
"160",":160.A",0.0330870612899573,"1AAdel"
"161",":161.A",0.0306375073622557,"1AAdel"
"162",":162.A",0.0403658303680229,"1AAdel"
"163",":163.A",0.0300033631040577,"1AAdel"
"164",":164.A",0.0320100603702154,"1AAdel"
"165",":165.A",0.0293166080778685,"1AAdel"
"166",":166.A",0.0323240985692331,"1AAdel"
"167",":167.A",0.0348811138910931,"1AAdel"
"168",":168.A",0.0320100603702154,"1AAdel"
"169",":169.A",0.0307307909124816,"1AAdel"
"170",":170.A",0.0350092736454145,"1AAdel"
"171",":171.A",0.029150854822481,"1AAdel"
"172",":172.A",0.0388027024778776,"1AAdel"
"173",":173.A",0.0338955657687954,"1AAdel"
"174",":174.A",0.0384750864130316,"1AAdel"
"175",":175.A",0.526951402798185,"1AAdel"
"176",":176.A",0.0341355443135129,"1AAdel"
"177",":177.A",0.0316027284854989,"1AAdel"
"178",":178.A",0.0379961116115976,"1AAdel"
"179",":179.A",0.0341355443135129,"1AAdel"
"180",":180.A",0.0322185853060102,"1AAdel"
"181",":181.A",0.0301812604888286,"1AAdel"
"182",":182.A",0.0313054219514244,"1AAdel"
"183",":183.A",0.034503410744179,"1AAdel"
"184",":184.A",0.0358031113062164,"1AAdel"
"185",":185.A",0.0347540941395232,"1AAdel"
"186",":186.A",0.0305449124818799,"1AAdel"
"187",":187.A",0.0318048016403848,"1AAdel"
"188",":188.A",0.0287462988093624,"1AAdel"
"189",":189.A",0.0400052517601555,"1AAdel"
"190",":190.A",0.246490875226629,"1AAdel"
"191",":191.A",0.0322185853060102,"1AAdel"
"192",":192.A",0.0346281983358834,"1AAdel"
"193",":193.A",0.039137217609185,"1AAdel"
"194",":194.A",0.0384750864130316,"1AAdel"
"195",":195.A",0.027186171481713,"1AAdel"
"196",":196.A",0.0294846826003229,"1AAdel"
"197",":197.A",0.0314037629856434,"1AAdel"
"198",":198.A",0.0327547422682428,"1AAdel"
"199",":199.A",0.029150854822481,"1AAdel"
"200",":200.A",0.0287462988093624,"1AAdel"
"201",":201.A",0.0396524409439387,"1AAdel"
"202",":202.A",0.0330870612899573,"1AAdel"
"203",":203.A",0.0347540941395232,"1AAdel"
"204",":204.A",0.0322185853060102,"1AAdel"
"205",":205.A",0.0362168213066783,"1AAdel"
"206",":206.A",0.0369329984638344,"1AAdel"
"207",":207.A",0.107632222583167,"1AAdel"
"208",":208.A",0.03783966684721,"1AAdel"
"209",":209.A",0.0367870016634809,"1AAdel"
"210",":210.A",0.0379961116115976,"1AAdel"
"211",":211.A",0.0322185853060102,"1AAdel"
"212",":212.A",0.0341355443135129,"1AAdel"
"213",":213.A",0.0343797159179915,"1AAdel"
"214",":214.A",0.0308247713208803,"1AAdel"
"215",":215.A",0.0334277384938731,"1AAdel"
"216",":216.A",0.0358031113062164,"1AAdel"
"217",":217.A",0.0398278921001748,"1AAdel"
"218",":218.A",0.453240733655476,"1AAdel"
"219",":219.A",0.0337771133162428,"1AAdel"
"220",":220.A",0.0324304599183266,"1AAdel"
"221",":221.A",0.0360776247516244,"1AAdel"
"222",":222.A",0.0330870612899573,"1AAdel"
"223",":223.A",0.0334277384938731,"1AAdel"
"224",":224.A",0.0340150380932006,"1AAdel"
"225",":225.A",0.0308247713208803,"1AAdel"
"226",":226.A",0.0376847862530143,"1AAdel"
"227",":227.A",0.0333132301724589,"1AAdel"
"228",":228.A",0.0360776247516244,"1AAdel"
"229",":229.A",0.0389690832866048,"1AAdel"
"230",":230.A",0.0356677563901817,"1AAdel"
"231",":231.A",0.034503410744179,"1AAdel"
"232",":232.A",0.0347540941395232,"1AAdel"
"233",":233.A",0.0338955657687954,"1AAdel"
"234",":234.A",0.0321139094210263,"1AAdel"
"235",":235.A",0.0372292847606888,"1AAdel"
"236",":236.A",0.039137217609185,"1AAdel"
"237",":237.A",0.0400052517601555,"1AAdel"
"238",":238.A",0.0366424065975229,"1AAdel"
"239",":239.A",0.0265130508218271,"1AAdel"
"240",":241.A",0.0240766725597186,"1AAdel"
"241",":242.A",0.0393071350452122,"1AAdel"
"242",":243.A",0.0355336446683426,"1AAdel"
"243",":244.A",0.0300033631040577,"1AAdel"
"244",":245.A",0.0319070278369529,"1AAdel"
"245",":246.A",0.0329753758388454,"1AAdel"
"246",":247.A",0.0466710983798872,"1AAdel"
"247",":248.A",0.0444669563348971,"1AAdel"
"248",":249.A",0.034503410744179,"1AAdel"
"249",":250.A",0.0333132301724589,"1AAdel"
"250",":251.A",0.0327547422682428,"1AAdel"
"251",":252.A",0.0305449124818799,"1AAdel"
"252",":253.A",0.0284323688155054,"1AAdel"
"253",":254.A",0.034503410744179,"1AAdel"
"254",":255.A",0.0281266833539822,"1AAdel"
"255",":256.A",0.819006649363125,"1AAdel"
"256",":257.A",0.661278847243163,"1AAdel"
"257",":258.A",4.97381255285264,"1AAdel"
"258",":259.A",0.0290688327723903,"1AAdel"
"259",":260.A",0.0367870016634809,"1AAdel"
"260",":261.A",0.0347540941395232,"1AAdel"
"261",":262.A",0.0340150380932006,"1AAdel"
"262",":263.A",0.0300919906825827,"1AAdel"
"263",":264.A",0.027116980137961,"1AAdel"
"264",":265.A",0.029828005502454,"1AAdel"
"265",":266.A",0.0308247713208803,"1AAdel"
"266",":267.A",0.0328646067856485,"1AAdel"
"267",":268.A",0.0294003519538014,"1AAdel"
"268",":269.A",0.0325376802044552,"1AAdel"
"269",":270.A",0.0354007580783129,"1AAdel"
"270",":271.A",0.0413031031988945,"1AAdel"
"271",":272.A",0.0322185853060102,"1AAdel"
"272",":273.A",0.0336596669026845,"1AAdel"
"273",":274.A",0.0364991920267142,"1AAdel"
"274",":275.A",0.0334277384938731,"1AAdel"
"275",":276.A",0.0369329984638344,"1AAdel"
"276",":277.A",0.0338955657687954,"1AAdel"
"277",":278.A",0.0369329984638344,"1AAdel"
"278",":279.A",0.0358031113062164,"1AAdel"
"279",":280.A",0.0348811138910931,"1AAdel"
"280",":281.A",0.0433479813467465,"1AAdel"
"281",":282.A",0.0336596669026845,"1AAdel"
"282",":283.A",0.0335432130693959,"1AAdel"
"283",":284.A",0.0316027284854989,"1AAdel"
"284",":285.A",0.0405491181861992,"1AAdel"
"285",":286.A",0.0300033631040577,"1AAdel"
"286",":287.A",0.0389690832866048,"1AAdel"
"287",":288.A",0.0300033631040577,"1AAdel"
"288",":289.A",0.0278289032937169,"1AAdel"
"289",":290.A",0.0340150380932006,"1AAdel"
"290",":291.A",0.0396524409439387,"1AAdel"
"291",":292.A",0.0405491181861992,"1AAdel"
"292",":293.A",0.0354007580783129,"1AAdel"
"293",":294.A",0.0295696065404408,"1AAdel"
"294",":295.A",0.0316027284854989,"1AAdel"
"295",":296.A",0.0363573370716491,"1AAdel"
"296",":297.A",0.0300919906825827,"1AAdel"
"297",":298.A",0.0329753758388454,"1AAdel"
"298",":299.A",0.0494599339724784,"1AAdel"
"299",":300.A",0.0376847862530143,"1AAdel"
"300",":301.A",0.0449346475048843,"1AAdel"
"301",":302.A",0.0435662585252437,"1AAdel"
"302",":303.A",0.0386380462573211,"1AAdel"
"303",":304.A",0.0396524409439387,"1AAdel"
"304",":305.A",0.0398278921001748,"1AAdel"
"305",":306.A",0.0400052517601555,"1AAdel"
"306",":307.A",0.0324304599183266,"1AAdel"
"307",":308.A",0.0355336446683426,"1AAdel"
"308",":309.A",0.0358031113062164,"1AAdel"
"309",":310.A",0.0418915437405085,"1AAdel"
"310",":311.A",0.0389690832866048,"1AAdel"
"311",":312.A",0.0420922791523288,"1AAdel"
"312",":313.A",0.0389690832866048,"1AAdel"
"313",":314.A",0.0469327169471865,"1AAdel"
"314",":315.A",0.0451730369942715,"1AAdel"
"315",":316.A",0.0363573370716491,"1AAdel"
"316",":317.A",0.0277556555658047,"1AAdel"
"317",":318.A",0.0456592205593246,"1AAdel"
"318",":319.A",0.0396524409439387,"1AAdel"
"319",":320.A",0.0358031113062164,"1AAdel"
"320",":321.A",0.0413031031988945,"1AAdel"
"321",":322.A",0.0343797159179915,"1AAdel"
"322",":323.A",0.0454145396376341,"1AAdel"
"323",":324.A",0.101236145426331,"1AAdel"
"324",":325.A",0.0376847862530143,"1AAdel"
"325",":326.A",0.0425008924778064,"1AAdel"
"326",":327.A",0.0516706233627807,"1AAdel"
"327",":328.A",0.0485811554317758,"1AAdel"
"328",":329.A",0.038154145775382,"1AAdel"
