"","indel","score"
"1",":1.A",0.100959206946302
"2",":2.A",1.16046947407567
"3",":3.A",0.159270838531147
"4",":4.A",0.566897417857302
"5",":5.A",0.121921681703818
"6",":6.A",0.670829320719322
"7",":7.A",0.224660613316067
"8",":8.A",0.897385282641638
"9",":9.A",0.190240900150533
"10",":10.A",0.335729882645324
"11",":11.A",2.16657542455528
"12",":12.A",0.301182192441398
"13",":13.A",0.518724304191414
"14",":14.A",0.24385141346909
"15",":15.A",1.18369778533916
"16",":16.A",0.540009539118531
"17",":17.A",0.234883363315553
"18",":18.A",0.830461261533787
"19",":19.A",0.801019872290865
"20",":20.A",0.406120130941233
"21",":21.A",2.0462678403915
"22",":22.A",0.151075548841234
"23",":23.A",0.101154517339506
"24",":24.A",0.153732191749575
"25",":25.A",0.183186616620631
"26",":26.A",0.469056622518312
"27",":27.A",0.139038393373213
"28",":28.A",0.117580463791756
"29",":29.A",0.137135935495731
"30",":30.A",0.118059346646606
"31",":31.A",0.26906063000308
"32",":32.A",0.477713114855481
"33",":33.A",0.205422738326
"34",":34.A",0.10633218547785
"35",":35.A",1.87528882428014
"36",":36.A",0.112812120281922
"37",":37.A",2.02346619506127
"38",":38.A",0.209103389070027
"39",":39.A",0.459755413719029
"40",":40.A",0.105779696962416
"41",":41.A",0.194360262782845
"42",":42.A",0.228734803655246
"43",":43.A",0.199816312050242
"44",":44.A",1.45727241790923
"45",":45.A",2.60913079057338
"46",":46.A",0.895743014058924
"47",":47.A",0.098630528810272
"48",":48.A",1.394549132268
"49",":49.A",0.122675617225874
"50",":50.A",0.199618803602124
"51",":51.A",1.36106294689812
"52",":52.A",0.776833123391887
"53",":53.A",0.635023388901711
"54",":54.A",0.139412385367022
"55",":55.A",1.06682493141094
"56",":56.A",1.35027854821234
"57",":57.A",0.161555060912238
"58",":58.A",0.174065572938136
"59",":59.A",0.0979102385175774
"60",":60.A",0.685811076176989
"61",":61.A",0.181590116521921
"62",":62.A",0.136686746302488
"63",":63.A",0.447283893977658
"64",":64.A",0.138294557237865
"65",":65.A",0.165424096169448
"66",":66.A",0.568559413607238
"67",":67.A",0.269224223554041
"68",":68.A",0.642939482985135
"69",":69.A",1.36058558960697
"70",":70.A",0.285424862571174
"71",":71.A",0.13262514375325
"72",":72.A",1.26889877005077
"73",":73.A",0.253382333993357
"74",":74.A",0.160537040670399
"75",":75.A",1.39333356049032
"76",":76.A",0.709837079441679
"77",":77.A",0.172650095235052
"78",":78.A",0.185959576730715
"79",":79.A",0.436323503567
"80",":80.A",0.190441971694689
"81",":81.A",0.188335530576153
"82",":82.A",0.16232414512971
"83",":83.A",0.373987760455722
"84",":84.A",0.601300650097802
"85",":85.A",0.199553670192504
"86",":86.A",0.253504252086986
"87",":87.A",0.729472394357227
"88",":88.A",0.175113597771644
"89",":89.A",0.755029465475621
"90",":90.A",0.229589510465553
"91",":91.A",1.50495221256521
"92",":92.A",0.281281113062395
"93",":93.A",1.91421738390673
"94",":94.A",2.88430797737536
"95",":95.A",0.166651753656394
"96",":96.A",0.757869226315369
"97",":97.A",0.215939742656275
"98",":98.A",2.15807176403931
"99",":99.A",0.706600026822221
"100",":100.A",0.132550008728097
"101",":101.A",0.154896782857503
"102",":102.A",0.192231612721894
"103",":103.A",0.126725480759154
"104",":104.A",0.148284299164088
"105",":105.A",1.69498808195998
"106",":106.A",1.11044999327654
"107",":107.A",0.130055729468765
"108",":108.A",0.654405134638922
"109",":109.A",0.18761133936145
"110",":110.A",0.122067221278622
"111",":111.A",0.163047603146592
"112",":112.A",0.122645480881683
"113",":113.A",0.943319968748662
"114",":114.A",0.120011106010119
"115",":115.A",0.138041515455793
"116",":116.A",0.136520741691966
"117",":117.A",0.0980678773857205
"118",":118.A",0.118097750928878
"119",":119.A",0.0878981446021599
"120",":120.A",0.184246593215173
"121",":121.A",0.166008805052972
"122",":122.A",0.84317506850379
"123",":123.A",1.50412884731181
"124",":124.A",0.30934762518116
"125",":125.A",0.288498536899595
"126",":126.A",0.219876799250226
"127",":127.A",0.0957288721685778
"128",":128.A",1.07543584559067
"129",":129.A",0.643937935596277
"130",":130.A",0.175991776175184
"131",":131.A",0.148917203692021
"132",":132.A",0.779025677884943
"133",":133.A",1.93321750695745
"134",":134.A",2.92396200511789
"135",":135.A",1.32422546262714
"136",":136.A",0.239812000048243
"137",":137.A",0.337161601231168
"138",":138.A",0.300181412854112
"139",":139.A",1.52180557139782
"140",":140.A",0.479782227048072
"141",":141.A",0.165741507366712
"142",":142.A",0.118438300829103
"143",":143.A",2.48390023399856
"144",":144.A",0.283977045888931
"145",":145.A",0.142622791669898
"146",":146.A",0.142227339728957
"147",":147.A",0.297660814448582
"148",":148.A",0.130078488019277
"149",":149.A",0.154056910304092
"150",":150.A",0.118677863453984
"151",":151.A",0.157206435869699
"152",":152.A",0.199602093010223
"153",":153.A",0.11502463879548
"154",":154.A",0.160773490898915
"155",":155.A",0.30527835221308
"156",":156.A",0.139696360141628
"157",":157.A",0.129147802257537
"158",":158.A",0.190032137840922
"159",":159.A",0.116361566159104
"160",":160.A",0.174351395613603
"161",":161.A",0.167054303723029
"162",":162.A",0.14202063539841
"163",":163.A",0.334432664363837
"164",":164.A",1.99679383599347
"165",":165.A",3.06636700960686
"166",":166.A",0.387757366527593
"167",":167.A",0.258051988826123
"168",":168.A",0.20215557065557
"169",":169.A",0.444251224091351
"170",":170.A",1.24504012423796
"171",":171.A",0.125146816934147
"172",":172.A",0.472727596400905
"173",":173.A",0.121185693751674
"174",":174.A",0.132665317762865
"175",":175.A",0.212919419329683
"176",":176.A",0.15654680247996
"177",":177.A",0.0981920691560567
"178",":178.A",0.152396604959065
"179",":179.A",0.236981533624705
"180",":180.A",0.135741671328256
"181",":181.A",0.151117919186883
"182",":182.A",0.111392962279018
"183",":183.A",0.142093498858537
"184",":184.A",0.118992133515336
"185",":185.A",0.153448412761093
"186",":186.A",0.143491862624347
"187",":187.A",0.143018088579431
"188",":188.A",0.103062595471605
"189",":189.A",0.169989106563163
"190",":190.A",0.232637576163457
"191",":191.A",0.127299190140433
"192",":192.A",0.0933909138427737
"193",":193.A",0.186265588173851
"194",":194.A",0.144104598138992
"195",":195.A",0.165271323969353
"196",":196.A",0.359062007374682
"197",":197.A",0.41627037822692
"198",":198.A",0.154423973270077
"199",":199.A",0.193686995498652
"200",":200.A",1.6290051493231
"201",":201.A",0.249439374490309
"202",":202.A",0.180145985888646
"203",":203.A",0.20597864358258
"204",":204.A",0.274294081271699
"205",":205.A",0.353122776408945
"206",":206.A",0.201212428103782
"207",":207.A",0.266479004196847
"208",":208.A",0.256988478406831
"209",":209.A",0.159582820639783
"210",":210.A",0.190067533630738
"211",":211.A",0.179044739311166
"212",":212.A",0.189732557096962
"213",":213.A",0.294099872457712
"214",":214.A",0.181449313906419
"215",":215.A",0.21011408762596
"216",":216.A",0.532386478236074
"217",":217.A",0.210755853742809
"218",":218.A",0.198199200699256
"219",":219.A",0.163059101929362
"220",":220.A",0.231839055781535
"221",":221.A",0.190101484260978
"222",":222.A",0.210066250872989
"223",":223.A",0.277324230961329
"224",":224.A",0.244994666957555
"225",":225.A",0.165709477508631
"226",":226.A",0.236745177217923
"227",":227.A",0.153297656772618
"228",":228.A",1.04469409315298
"229",":229.A",0.113397785333634
"230",":230.A",0.172399833618736
"231",":231.A",0.140198061887299
"232",":232.A",0.184898794313073
"233",":233.A",0.142673663534929
"234",":234.A",0.171287022146167
"235",":235.A",0.636788929953671
"236",":236.A",0.313988076296087
"237",":237.A",0.197496110903013
"238",":238.A",0.162340408835092
"239",":239.A",0.122265430249708
"240",":240.A",0.137344344802311
"241",":241.A",0.125374977029844
"242",":242.A",0.17987968643872
"243",":243.A",0.158108958648025
"244",":244.A",0.250280315342889
"245",":245.A",0.204131896958618
"246",":246.A",0.122447774863979
"247",":247.A",0.316130457697403
"248",":248.A",0.190047630082944
"249",":249.A",0.171978582548138
"250",":250.A",0.225350299189089
"251",":251.A",0.4151535213877
"252",":252.A",0.21993666650911
"253",":253.A",0.163514822020241
"254",":254.A",0.790494980223487
"255",":255.A",0.557028805240081
"256",":256.A",0.21813053883082
"257",":257.A",0.145272468910108
"258",":258.A",0.175118789831026
"259",":259.A",0.941508551921271
"260",":260.A",1.74809397409061
"261",":261.A",1.61291820212875
"262",":262.A",0.277733981509128
"263",":263.A",0.240828892667174
"264",":264.A",3.88381265554541
"265",":265.A",0.255638402707687
"266",":266.A",0.137617035868355
"267",":267.A",0.132926143700597
"268",":268.A",0.128826368244034
"269",":269.A",0.18166824420554
"270",":270.A",0.142157444288188
"271",":271.A",0.167792390548232
"272",":272.A",0.173203554983121
"273",":273.A",0.180280625854331
"274",":274.A",0.169747594026132
"275",":275.A",0.151710099424539
"276",":276.A",0.350171829340748
"277",":277.A",0.189790631094992
"278",":278.A",0.31926419821234
"279",":279.A",0.223424122887259
"280",":280.A",0.199670149458178
"281",":281.A",0.188756970939688
"282",":282.A",0.206470534436973
"283",":283.A",0.21035638834603
"284",":284.A",0.175588258479234
"285",":285.A",0.113914818635502
"286",":286.A",0.103724659035717
"287",":287.A",0.151503932569287
"288",":288.A",0.101119239363555
"289",":289.A",0.11845271291315
"290",":290.A",0.188389591784894
"291",":291.A",0.219392132798169
"292",":292.A",0.10977391590391
"293",":293.A",0.240856168961911
"294",":294.A",0.178627911879094
"295",":295.A",0.157942932931122
"296",":296.A",0.223473407492216
"297",":297.A",0.229849338831168
"298",":298.A",0.221916163132702
"299",":299.A",0.248373534392027
"300",":300.A",0.140946937575953
"301",":301.A",0.242814678095095
"302",":302.A",0.163929900464525
"303",":303.A",0.144165300743928
"304",":304.A",0.208311131764558
"305",":305.A",0.16437005257561
"306",":306.A",0.169612479009696
"307",":307.A",0.149062808915445
"308",":308.A",0.220175553192959
"309",":309.A",0.183144103786099
"310",":310.A",0.1989179867326
"311",":311.A",0.224201316837818
"312",":312.A",0.155636561356191
"313",":313.A",0.173351989537838
"314",":314.A",0.127898841586853
"315",":315.A",0.353674104074161
"316",":316.A",0.205181991138164
"317",":317.A",0.125194177407234
"318",":318.A",0.252209259194138
"319",":319.A",0.146865974361596
"320",":320.A",0.19945072955009
"321",":321.A",1.58582539905168
"322",":322.A",0.158808401367541
"323",":323.A",0.874974254322091
"324",":324.A",0.172881161742783
"325",":325.A",0.212101559993039
"326",":326.A",0.190042470611062
"327",":327.A",0.150986842476658
"328",":328.A",0.098491023730638
"329",":329.A",0.136172517481599
"330",":330.A",0.10663599605201
"331",":331.A",0.16368389483879
"332",":332.A",0.164550774403792
"333",":333.A",0.155951026135013
"334",":334.A",0.197936362826487
"335",":335.A",0.101895951335049
"336",":336.A",0.178222110718571
"337",":337.A",0.194241300444121
"338",":338.A",0.180552442191449
"339",":339.A",0.19254808076386
"340",":340.A",0.197793517761699
"341",":341.A",0.22429062364754
"342",":342.A",2.05950122445733
"343",":343.A",0.439543807420293
"344",":344.A",0.200899543839842
"345",":345.A",0.173262495422689
"346",":346.A",1.32314984756175
"347",":347.A",0.496107463046075
"348",":348.A",0.13055053007694
"349",":349.A",1.12645378627821
"350",":350.A",1.04136713996294
"351",":351.A",0.179425693204461
"352",":352.A",0.173769152058558
"353",":353.A",0.141527265445765
"354",":354.A",0.889482182550945
"355",":355.A",0.154949249198937
"356",":356.A",0.100610370250504
"357",":357.A",0.187436880500315
"358",":358.A",0.201845151499528
"359",":359.A",0.204451131666809
"360",":360.A",0.202024616038901
"361",":361.A",0.298801050175446
"362",":362.A",1.72129727072316
"363",":363.A",0.381372092054944
"364",":364.A",0.168668775807058
"365",":365.A",0.296922440915716
"366",":366.A",0.226849022246102
"367",":367.A",0.274754719564243
"368",":368.A",0.503150353493408
"369",":369.A",0.2379515092358
"370",":370.A",1.43169905140168
"371",":371.A",0.356929952423527
"372",":372.A",0.172543280294312
"373",":373.A",0.30112708862041
"374",":374.A",0.218984285565512
"375",":375.A",0.210134385385892
"376",":376.A",0.208741098164732
"377",":377.A",0.183973723680437
"378",":378.A",0.14842658447356
"379",":379.A",0.150405311216465
"380",":380.A",1.34268606526547
"381",":381.A",0.276101506543981
"382",":382.A",0.237463775333904
"383",":383.A",2.44171015304498
"384",":384.A",0.420694155527373
"385",":385.A",0.209280383764019
"386",":386.A",0.250991478318785
"387",":387.A",0.187809434905042
"388",":388.A",0.188210162912945
"389",":389.A",0.301348239310324
"390",":390.A",0.152894994952883
"391",":391.A",0.145730326580251
"392",":392.A",0.474415751068946
"393",":393.A",0.294695896644182
"394",":394.A",0.387996897748777
"395",":395.A",0.173437745928969
"396",":396.A",1.14717818696029
"397",":397.A",0.168999301337829
"398",":398.A",0.181699237412149
"399",":399.A",0.622788421398001
"400",":400.A",0.196753903153998
"401",":401.A",0.261467689152862
"402",":402.A",0.240134856763593
"403",":403.A",0.176868718053215
"404",":404.A",0.182721280097461
"405",":405.A",0.205384395123634
"406",":406.A",0.182388317774162
"407",":407.A",0.319695917313699
"408",":408.A",0.178793116041465
"409",":409.A",0.191745469881139
"410",":410.A",1.85629766449902
"411",":411.A",0.186121099033301
"412",":412.A",0.284539042247109
"413",":413.A",0.820354827036119
"414",":414.A",0.250953805906001
"415",":415.A",0.194821093720081
"416",":416.A",0.188316997290704
"417",":417.A",0.22316128419096
"418",":418.A",0.224179903012621
"419",":419.A",0.225734030945102
"420",":420.A",1.97713867818896
"421",":421.A",0.222519174298533
"422",":422.A",0.247072235324069
"423",":423.A",0.208867091591042
"424",":424.A",0.160963868154386
"425",":425.A",0.292707280607205
"426",":426.A",0.1663704208442
"427",":427.A",0.324626943166207
"428",":428.A",2.34255170611596
"429",":429.A",0.767497388090496
"430",":430.A",0.289867737210112
"431",":431.A",1.12562301554361
"432",":432.A",1.14656784340272
"433",":433.A",0.184880111856716
"434",":434.A",0.247770348404858
"435",":435.A",2.12433646416383
"436",":436.A",1.16238686932371
"437",":437.A",0.242526444095449
"438",":438.A",0.154528978204495
"439",":439.A",0.326653381403154
"440",":440.A",0.157749235439545
"441",":441.A",0.284174322956667
"442",":442.A",0.214029636484523
"443",":443.A",0.150554425967149
"444",":444.A",0.275801222712639
"445",":445.A",0.246632270220649
"446",":446.A",0.186111911386409
"447",":447.A",1.60312220815678
"448",":448.A",0.248550431589053
"449",":449.A",0.144818321984605
"450",":450.A",0.672588502050285
"451",":451.A",0.164552311227185
"452",":452.A",0.305495787034164
"453",":453.A",0.427441630747786
"454",":454.A",0.113240401285169
"455",":455.A",0.132522807854476
"456",":456.A",0.123563589969808
"457",":457.A",1.11853766890065
"458",":458.A",0.145352502635097
"459",":459.A",0.119535113428118
"460",":460.A",0.102613306370429
"461",":461.A",1.05452177769262
"462",":462.A",0.117652321910179
