"","position","score"
"1",":1.A",-3.25832765236842
"2",":2.A",1.60865585142105
"3",":3.A",2.26724815542105
"4",":4.A",1.68558318063158
"5",":5.A",1.50263660710526
"6",":6.A",1.26245360194737
"7",":7.A",1.56610494878947
"8",":8.A",0.647969777157895
"9",":9.A",-1.342037159
"10",":10.A",-1.98446716247368
"11",":11.A",0.347780605421053
"12",":12.A",-1.14400856457895
"13",":13.A",-1.16408555242105
"14",":14.A",-0.304138311736842
"15",":15.A",-1.86276961031579
"16",":16.A",-2.55581956994737
"17",":17.A",-1.97341867663158
"18",":18.A",-1.62476002347368
"19",":19.A",-1.25735565847368
"20",":20.A",-1.66190709273684
"21",":21.A",-2.67479154852632
"22",":22.A",-1.076758987
"23",":23.A",-2.35668030173684
"24",":24.A",-0.121533008157895
"25",":25.A",1.98663210542105
"26",":26.A",1.60373503842105
"27",":27.A",-2.61001129142105
"28",":28.A",-1.40327550463158
"29",":29.A",1.49547580405263
"30",":30.A",-0.334559817052632
"31",":31.A",-0.769405723105263
"32",":32.A",-0.866954888684211
"33",":33.A",-2.69058686763158
"34",":34.A",-1.56365130468421
"35",":35.A",-1.52242340231579
"36",":36.A",1.79154797921053
"37",":37.A",1.44236416973684
"38",":38.A",-2.83339364757895
"39",":39.A",-2.84074766526316
"40",":40.A",-2.58220580247368
"41",":41.A",-1.83834319836842
"42",":42.A",-2.53659262326316
"43",":43.A",-2.08840313147368
"44",":44.A",0.832129420947368
"45",":45.A",0.153207884736842
"46",":46.A",1.61499646168421
"47",":47.A",1.15603898147368
"48",":48.A",0.108610313947368
"49",":49.A",-2.74099425578947
"50",":50.A",1.51017720231579
"51",":51.A",-1.96557844405263
"52",":52.A",1.28324240531579
"53",":53.A",-2.46710374331579
"54",":54.A",-2.62450579963158
"55",":55.A",-0.957766168789474
"56",":56.A",-3.84920497410526
"57",":57.A",0.936372387368421
"58",":58.A",-2.19341751742105
"59",":59.A",0.821001031315789
"60",":60.A",1.33778602652632
"61",":61.A",-2.57829260247368
"62",":62.A",-1.63384789284211
"63",":63.A",-2.78123693478947
"64",":64.A",-1.52257083410526
"65",":65.A",-1.17801198657895
"66",":66.A",1.36275092615789
"67",":67.A",-1.22614651547368
"68",":68.A",0.822546222526316
"69",":69.A",0.523502252263158
"70",":70.A",0.188527940052632
"71",":71.A",-0.342962604157895
"72",":72.A",-0.718255878473684
"73",":73.A",1.43643414736842
"74",":74.A",-1.63020261342105
"75",":75.A",1.52374879289474
"76",":76.A",-2.45840273231579
"77",":77.A",0.306900898842105
"78",":78.A",1.22658144321053
"79",":79.A",-2.08116733557895
"80",":80.A",0.156149687947368
"81",":81.A",0.243108924578947
"82",":82.A",1.17808625421053
"83",":83.A",0.757834178631579
"84",":84.A",-1.725164391
"85",":85.A",0.382473119157895
"86",":86.A",0.646195834842105
"87",":87.A",-1.67605395405263
"88",":88.A",1.54816789405263
"89",":89.A",-0.775615968157895
"90",":90.A",-2.11360003394737
"91",":91.A",0.117012790789474
"92",":92.A",0.148319813421053
"93",":93.A",-1.82286016052632
"94",":94.A",-0.995256485368421
"95",":95.A",-1.81715915605263
"96",":96.A",-0.750862035631579
"97",":97.A",-0.934561768842105
"98",":98.A",-1.28782104415789
"99",":99.A",-1.00250020031579
"100",":100.A",-0.673492493
"101",":101.A",-2.32071292773684
"102",":102.A",1.76166450778947
"103",":103.A",-2.18217538547368
"104",":104.A",0.744464341947368
"105",":105.A",-1.20546046978947
"106",":106.A",0.813672797631579
"107",":107.A",0.231948304157895
"108",":108.A",-2.63890509610526
"109",":109.A",-2.89480657826316
"110",":110.A",-2.73410173010526
"111",":111.A",-2.99751088326316
"112",":112.A",-2.57464524652632
"113",":113.A",-1.48560356468421
"114",":114.A",-2.80839353126316
"115",":115.A",-1.440246888
"116",":116.A",-3.01080364642105
"117",":117.A",0.913435709
"118",":118.A",-3.10186731652632
"119",":119.A",-3.10196198684211
"120",":120.A",-1.87035820410526
"121",":121.A",-1.88212181021053
"122",":122.A",-3.34469219689474
"123",":123.A",-2.28039810315789
"124",":124.A",-2.13356968810526
"125",":125.A",-2.74406413557895
"126",":126.A",-1.60022411147368
"127",":127.A",-3.00683192468421
"128",":128.A",-1.37304596357895
"129",":129.A",1.24827213226316
"130",":130.A",-1.08215989268421
"131",":131.A",0.638899032578947
"132",":132.A",-2.080357095
"133",":133.A",-2.72532753147368
"134",":134.A",-3.05079073289474
"135",":135.A",-1.84507570478947
"136",":136.A",-1.91638330515789
"137",":137.A",-2.16054760531579
"138",":138.A",-2.80209848626316
"139",":139.A",-2.55674969715789
"140",":140.A",-2.13969828994737
"141",":141.A",0.973917400894737
"142",":142.A",-2.610330603
"143",":143.A",-2.47133072615789
"144",":144.A",-2.31598508384211
"145",":145.A",-1.66625143031579
"146",":146.A",-1.04470444815789
"147",":147.A",-1.99412707784211
"148",":148.A",-1.23722244352632
"149",":149.A",-0.780574567684211
"150",":150.A",-3.25301756784211
